Employee_Name;EmpID;MarriedID;MaritalStatusID;GenderID;EmpStatusID;DeptID;PerfScoreID;FromDiversityJobFairID;Salary;Termd;PositionID;Position;State;Zip;DOB;Sex;MaritalDesc;CitizenDesc;HispanicLatino;RaceDesc;DateofHire;DateofTermination;TermReason;EmploymentStatus;Department;ManagerName;ManagerID;RecruitmentSource;PerformanceScore;EngagementSurvey;EmpSatisfaction;SpecialProjectsCount;LastPerformanceReview_Date;DaysLateLast30;Absences
Adinolfi; Wilson  K;10026;0;0;1;1;5;4;7321;62506;0;19;Production Technician I;MA;1960;07/10/1983;M ;Single;US Citizen;No;White;07/05/2011;;N/A-StillEmployed;Active;Production       ;Michael Albert;22;LinkedIn;Exceeds;4.60;5;0;1/17/2019;0
Ait Sidi; Karthikeyan   ;10084;1;1;1;5;3;3;9247;104437;1;27;Sr. DBA;MA;2148;05/05/1975;M ;Married;US Citizen;No;White;3/30/2015;6/16/2016;career change;Voluntarily Terminated;IT/IS;Simon Roup;4;Indeed;Fully Meets;4.96;3;6;2/24/2016;0
Akinkuolie; Sarah;10196;1;1;0;5;5;3;3297;64955;1;20;Production Technician II;MA;1810;09/19/88;F;Married;US Citizen;No;White;07/05/2011;9/24/2012;hours;Voluntarily Terminated;Production       ;Kissy Sullivan;20;LinkedIn;Fully Meets;3.02;3;0;5/15/2012;0
Alagbe;Trina;10088;1;1;0;1;5;3;5045;64991;0;19;Production Technician I;MA;1886;09/27/88;F;Married;US Citizen;No;White;01/07/2008;;N/A-StillEmployed;Active;Production       ;Elijiah Gray;16;Indeed;Fully Meets;4.84;5;0;01/03/2019;0
Anderson; Carol ;10069;0;2;0;5;5;3;7700;50825;1;19;Production Technician I;MA;2169;09/08/1989;F;Divorced;US Citizen;No;White;07/11/2011;09/06/2016;return to school;Voluntarily Terminated;Production       ;Webster Butler;39;Google Search;Fully Meets;5.00;4;0;02/01/2016;0
Anderson; Linda  ;10002;0;0;0;1;5;4;6849;57568;0;19;Production Technician I;MA;1844;05/22/77;F;Single;US Citizen;No;White;01/09/2012;;N/A-StillEmployed;Active;Production       ;Amy Dunn;11;LinkedIn;Exceeds;5.00;5;0;01/07/2019;0
Andreola; Colby;10194;0;0;0;1;4;3;3853;95660;0;24;Software Engineer;MA;2110;05/24/79;F;Single;US Citizen;No;White;11/10/2014;;N/A-StillEmployed;Active;Software Engineering;Alex Sweetwater;10;LinkedIn;Fully Meets;3.04;3;4;01/02/2019;0
Athwal; Sam;10062;0;4;1;1;5;3;7222;59365;0;19;Production Technician I;MA;2199;02/18/83;M ;Widowed;US Citizen;No;White;9/30/2013;;N/A-StillEmployed;Active;Production       ;Ketsia Liebig;19;Employee Referral;Fully Meets;5.00;4;0;2/25/2019;0
Bachiochi; Linda;10114;0;0;0;3;5;3;2517;47837;0;19;Production Technician I;MA;1902;02/11/1970;F;Single;US Citizen;No;Black or African American;07/06/2009;;N/A-StillEmployed;Active;Production       ;Brannon Miller;12;Diversity Job Fair;Fully Meets;4.46;3;0;1/25/2019;0
Bacong; Alejandro ;10250;0;2;1;1;3;3;8747;50178;0;14;IT Support;MA;1886;01/07/1988;M ;Divorced;US Citizen;No;White;01/05/2015;;N/A-StillEmployed;Active;IT/IS;Peter Monroe;7;Indeed;Fully Meets;5.00;5;6;2/18/2019;0
Baczenski; Rachael  ;10252;1;1;0;5;5;3;4066;54670;1;19;Production Technician I;MA;1902;01/12/1974;F;Married;US Citizen;Yes;Black or African American;01/10/2011;01/12/2017;Another position;Voluntarily Terminated;Production       ;David Stanley;14;Diversity Job Fair;Fully Meets;4.20;4;0;1/30/2016;0
Barbara; Thomas;10242;1;1;1;5;5;3;2126;47211;1;19;Production Technician I;MA;2062;02/21/74;M ;Married;US Citizen;Yes;Black or African American;04/02/2012;9/19/2016;unhappy;Voluntarily Terminated;Production       ;Kissy Sullivan;20;Diversity Job Fair;Fully Meets;4.20;3;0;05/06/2016;0
Barbossa; Hector;10012;0;2;1;1;3;4;4297;92328;0;9;Data Analyst;TX;78230;07/04/1988;M ;Divorced;US Citizen;No;Black or African American;11/10/2014;;N/A-StillEmployed;Active;IT/IS;Simon Roup;4;Diversity Job Fair;Exceeds;4.28;4;5;2/25/2019;0
Barone; Francesco  A;10265;0;0;1;1;5;3;6488;58709;0;19;Production Technician I;MA;1810;07/20/83;M ;Single;US Citizen;No;Two or more races;2/20/2012;;N/A-StillEmployed;Active;Production       ;Kelley Spirea;18;Google Search;Fully Meets;4.60;4;0;2/14/2019;0
Barton; Nader;10066;0;2;1;5;5;3;7441;52505;1;19;Production Technician I;MA;2747;07/15/77;M ;Divorced;US Citizen;No;White;9/24/2012;04/06/2017;Another position;Voluntarily Terminated;Production       ;Michael Albert;22;On-line Web application;Fully Meets;5.00;5;0;03/02/2017;0
Bates; Norman;10061;0;0;1;4;5;3;5338;57834;1;19;Production Technician I;MA;2050;10/18/81;M ;Single;US Citizen;No;White;2/21/2011;08/04/2017;attendance;Terminated for Cause;Production       ;Kelley Spirea;18;Google Search;Fully Meets;5.00;4;0;04/05/2017;0
Beak; Kimberly  ;10023;1;1;0;2;5;4;4213;70131;0;20;Production Technician II;MA;2145;04/17/66;F;Married;US Citizen;No;White;7/21/2016;;N/A-StillEmployed;Active;Production       ;Kelley Spirea;18;Employee Referral;Exceeds;4.40;3;0;1/14/2019;0
Beatrice; Courtney ;10055;0;0;0;1;5;3;6321;59026;0;19;Production Technician I;MA;1915;10/27/70;F;Single;Eligible NonCitizen;No;White;04/04/2011;;N/A-StillEmployed;Active;Production       ;Elijiah Gray;16;Google Search;Fully Meets;5.00;5;0;1/14/2019;0
Becker; Renee;10245;0;0;0;4;3;3;3916;110000;1;8;Database Administrator;MA;2026;04/04/1986;F;Single;US Citizen;Yes;White;07/07/2014;09/12/2015;performance;Terminated for Cause;IT/IS;Simon Roup;4;Google Search;Fully Meets;4.50;4;5;1/15/2015;0
Becker; Scott;10277;0;0;1;3;5;3;5529;53250;0;19;Production Technician I;MA;2452;04/06/1979;M ;Single;US Citizen;No;Asian;07/08/2013;;N/A-StillEmployed;Active;Production       ;Webster Butler;;LinkedIn;Fully Meets;4.20;4;0;01/11/2019;0
Bernstein; Sean;10046;0;0;1;1;5;3;6271;51044;0;19;Production Technician I;MA;2072;12/22/70;M ;Single;US Citizen;Yes;White;04/02/2012;;N/A-StillEmployed;Active;Production       ;Amy Dunn;11;Google Search;Fully Meets;5.00;3;0;1/14/2019;0
Biden; Lowan  M;10226;0;2;0;1;5;3;3487;64919;0;19;Production Technician I;MA;2027;12/27/58;F;Divorced;US Citizen;No;Asian;8/19/2013;;N/A-StillEmployed;Active;Production       ;Ketsia Liebig;19;Indeed;Fully Meets;4.20;3;0;01/10/2019;0
Billis; Helen;10003;1;1;0;1;5;4;3873;62910;0;19;Production Technician I;MA;2031;09/01/1989;F;Married;US Citizen;No;White;07/07/2014;;N/A-StillEmployed;Active;Production       ;Brannon Miller;12;Indeed;Exceeds;5.00;3;0;2/27/2019;0
Blount; Dianna;10294;0;0;0;1;5;2;9564;66441;0;20;Production Technician II;MA;2171;09/21/90;F;Single;US Citizen;No;White;04/04/2011;;N/A-StillEmployed;Active;Production       ;Michael Albert;22;CareerBuilder;Needs Improvement;2.00;3;0;2/27/2019;2
Bondwell; Betsy;10267;0;0;0;5;5;3;7989;57815;1;20;Production Technician II;MA;2210;01/16/67;F;Single;US Citizen;No;White;01/10/2011;04/04/2014;career change;Voluntarily Terminated;Production       ;Elijiah Gray;16;Google Search;Fully Meets;4.80;5;0;03/04/2014;0
Booth; Frank;10199;0;0;1;4;3;3;5063;103613;1;30;Enterprise Architect;CT;6033;07/30/64;M ;Single;US Citizen;No;Black or African American;2/17/2014;2/19/2016;Learned that he is a gangster;Terminated for Cause;IT/IS;Simon Roup;4;LinkedIn;Fully Meets;3.50;5;7;01/10/2016;0
Boutwell; Bonalyn;10081;1;1;0;1;1;3;2754;106367;0;26;Sr. Accountant;MA;2468;04/04/1987;F;Married;US Citizen;No;Black or African American;2/16/2015;;N/A-StillEmployed;Active;Admin Offices;Brandon R. LeBlanc;3;Diversity Job Fair;Fully Meets;5.00;4;3;2/18/2019;0
Bozzi; Charles;10175;0;0;1;5;5;3;6058;74312;1;18;Production Manager;MA;1901;03/10/1970;M ;Single;US Citizen;No;Asian;9/30/2013;08/07/2014;retiring;Voluntarily Terminated;Production       ;Janet King;2;Indeed;Fully Meets;3.39;3;0;2/20/2014;0
Brill; Donna;10177;1;1;0;5;5;3;3750;53492;1;19;Production Technician I;MA;1701;08/24/90;F;Married;US Citizen;No;White;04/02/2012;6/15/2013;Another position;Voluntarily Terminated;Production       ;David Stanley;14;Google Search;Fully Meets;3.35;4;0;03/04/2013;0
Brown; Mia;10238;1;1;0;1;1;3;1563;63000;0;1;Accountant I;MA;1450;11/24/87;F;Married;US Citizen;No;Black or African American;10/27/2008;;N/A-StillEmployed;Active;Admin Offices;Brandon R. LeBlanc;1;Diversity Job Fair;Fully Meets;4.50;2;6;1/15/2019;0
Buccheri; Joseph  ;10184;0;0;1;1;5;3;9700;65288;0;20;Production Technician II;MA;1013;07/28/83;M ;Single;US Citizen;No;White;9/29/2014;;N/A-StillEmployed;Active;Production       ;Webster Butler;;Google Search;Fully Meets;3.19;3;0;02/01/2019;0
Bugali; Josephine ;10203;0;3;0;3;5;3;9700;64375;0;19;Production Technician I;MA;2043;10/30/69;F;Separated;US Citizen;No;Black or African American;11/11/2013;;N/A-StillEmployed;Active;Production       ;Kissy Sullivan;20;Diversity Job Fair;Fully Meets;3.50;5;0;1/21/2019;0
Bunbury; Jessica;10188;1;1;0;5;6;3;5393;74326;1;3;Area Sales Manager;VA;21851;06/01/1964;F;Married;Eligible NonCitizen;No;Black or African American;8/15/2011;08/02/2014;Another position;Voluntarily Terminated;Sales;John Smith;17;Google Search;Fully Meets;3.14;5;0;02/10/2013;1
Burke; Joelle;10107;0;0;0;1;5;3;6292;63763;0;20;Production Technician II;MA;2148;03/02/1980;F;Single;US Citizen;No;Black or African American;03/05/2012;;N/A-StillEmployed;Active;Production       ;Amy Dunn;11;Employee Referral;Fully Meets;4.51;4;0;2/21/2019;0
Burkett; Benjamin ;10181;1;1;1;1;5;3;5816;62162;0;20;Production Technician II;MA;1890;08/19/77;M ;Married;US Citizen;No;White;04/04/2011;;N/A-StillEmployed;Active;Production       ;Ketsia Liebig;19;Indeed;Fully Meets;3.25;5;0;1/14/2019;0
Cady; Max ;10150;0;0;1;1;4;3;8854;77692;0;25;Software Engineering Manager;MA;2184;11/22/66;M ;Single;US Citizen;No;White;8/15/2011;;N/A-StillEmployed;Active;Software Engineering;Jennifer Zamora;5;Google Search;Fully Meets;3.84;3;5;1/21/2019;0
Candie; Calvin;10001;0;0;1;1;5;4;9834;72640;0;18;Production Manager;MA;2169;08/09/1983;M ;Single;US Citizen;No;White;1/28/2016;;N/A-StillEmployed;Active;Production       ;Janet King;2;Indeed;Exceeds;5.00;3;0;2/22/2019;0
Carabbio; Judith;10085;0;0;0;1;4;3;8871;93396;0;24;Software Engineer;MA;2132;04/05/1987;F;Single;US Citizen;No;White;11/11/2013;;N/A-StillEmployed;Active;Software Engineering;Alex Sweetwater;10;Indeed;Fully Meets;4.96;4;6;1/30/2019;0
Carey; Michael  ;10115;0;0;1;1;5;3;1853;52846;0;19;Production Technician I;MA;1701;02/02/1983;M ;Single;US Citizen;No;Black or African American;3/31/2014;;N/A-StillEmployed;Active;Production       ;Kelley Spirea;18;LinkedIn;Fully Meets;4.43;3;0;02/01/2019;0
Carr; Claudia  N;10082;0;0;0;2;3;3;9866;100031;0;27;Sr. DBA;MA;1886;06/06/1986;F;Single;US Citizen;No;Black or African American;6/30/2016;;N/A-StillEmployed;Active;IT/IS;Simon Roup;4;LinkedIn;Fully Meets;5.00;5;6;2/18/2019;0
Carter; Michelle ;10040;0;0;0;1;6;3;7253;71860;0;3;Area Sales Manager;VT;5664;05/15/63;F;Single;US Citizen;No;White;8/18/2014;;N/A-StillEmployed;Active;Sales;John Smith;17;Indeed;Fully Meets;5.00;5;0;1/21/2019;0
Chace; Beatrice ;10067;0;0;0;1;5;3;1974;61656;0;19;Production Technician I;MA;2763;01/02/1951;F;Single;US Citizen;No;White;9/29/2014;;N/A-StillEmployed;Active;Production       ;Michael Albert;22;Google Search;Fully Meets;5.00;4;0;02/12/2019;0
Champaigne; Brian;10108;1;1;1;1;3;3;3405;110929;0;5;BI Director;MA;2045;02/09/1972;M ;Married;US Citizen;No;White;09/06/2016;;N/A-StillEmployed;Active;IT/IS;Jennifer Zamora;5;Indeed;Fully Meets;4.50;5;7;1/15/2019;0
Chan; Lin;10210;0;0;0;1;5;3;9171;54237;0;19;Production Technician I;MA;2170;02/12/1979;F;Single;US Citizen;No;White;05/12/2014;;N/A-StillEmployed;Active;Production       ;Elijiah Gray;16;Indeed;Fully Meets;3.30;4;0;2/19/2019;0
Chang; Donovan  E;10154;0;0;1;1;5;3;5974;60380;0;19;Production Technician I;MA;1845;08/24/83;M ;Single;US Citizen;No;White;07/08/2013;;N/A-StillEmployed;Active;Production       ;Webster Butler;;LinkedIn;Fully Meets;3.80;5;0;1/14/2019;0
Chigurh; Anton;10200;0;0;1;1;6;3;2366;66808;0;3;Area Sales Manager;TX;78207;06/11/1970;M ;Single;Eligible NonCitizen;No;Black or African American;5/14/2012;;N/A-StillEmployed;Active;Sales;Lynn Daneault;21;Employee Referral;Fully Meets;3.00;5;0;1/19/2019;0
Chivukula; Enola;10240;0;0;0;5;5;3;5482;64786;1;19;Production Technician I;MA;1775;08/27/83;F;Single;US Citizen;No;White;6/27/2011;11/15/2015;relocation out of area;Voluntarily Terminated;Production       ;Amy Dunn;11;Indeed;Fully Meets;4.30;4;0;03/10/2015;0
Cierpiszewski; Caroline  ;10168;0;0;0;1;5;3;6363;64816;0;19;Production Technician I;MA;2044;05/31/88;F;Single;Non-Citizen;No;Black or African American;10/03/2011;;N/A-StillEmployed;Active;Production       ;Ketsia Liebig;19;Indeed;Fully Meets;3.58;5;0;1/30/2019;0
Clayton; Rick;10220;0;0;1;1;3;3;2087;68678;0;14;IT Support;MA;2170;09/05/1985;M ;Single;US Citizen;No;White;09/05/2012;;N/A-StillEmployed;Active;IT/IS;Eric Dougall;6;Indeed;Fully Meets;4.70;3;6;2/27/2019;0
Cloninger; Jennifer;10275;1;1;0;5;5;3;4142;64066;1;20;Production Technician II;MA;1752;08/31/81;F;Married;US Citizen;No;White;5/16/2011;01/07/2013;unhappy;Voluntarily Terminated;Production       ;Brannon Miller;12;Google Search;Fully Meets;4.20;5;0;05/03/2012;0
Close; Phil;10269;1;1;1;5;5;3;3658;59369;1;20;Production Technician II;MA;2169;11/25/78;M ;Married;US Citizen;No;White;8/30/2010;9/26/2011;career change;Voluntarily Terminated;Production       ;David Stanley;14;Indeed;Fully Meets;4.20;4;0;05/04/2011;0
Clukey; Elijian;10029;1;1;1;2;5;4;8167;50373;0;19;Production Technician I;MA;2134;08/26/80;M ;Married;US Citizen;No;White;07/06/2016;;N/A-StillEmployed;Active;Production       ;Brannon Miller;12;Employee Referral;Exceeds;4.10;4;0;2/28/2019;0
Cockel; James;10261;0;0;1;1;5;3;9881;63108;0;19;Production Technician I;MA;2452;09/08/1977;M ;Single;US Citizen;No;White;07/08/2013;;N/A-StillEmployed;Active;Production       ;David Stanley;14;Employee Referral;Fully Meets;4.40;5;0;1/14/2019;0
Cole; Spencer;10292;0;0;1;4;5;2;7195;59144;1;19;Production Technician I;MA;1880;08/12/1979;M ;Single;US Citizen;No;Black or African American;07/11/2011;9/23/2016;performance;Terminated for Cause;Production       ;Kissy Sullivan;20;LinkedIn;Needs Improvement;2.00;3;0;05/01/2016;5
Corleone; Michael;10282;0;2;1;1;5;2;6927;68051;0;18;Production Manager;MA;1803;12/17/75;M ;Divorced;US Citizen;No;White;7/20/2010;;N/A-StillEmployed;Active;Production       ;Janet King;2;CareerBuilder;Needs Improvement;4.13;2;0;1/14/2019;3
Corleone; Vito;10019;0;0;1;1;5;4;4277;170500;0;10;Director of Operations;MA;2030;03/19/83;M ;Single;US Citizen;No;Black or African American;01/05/2009;;N/A-StillEmployed;Active;Production       ;Janet King;2;Indeed;Exceeds;3.70;5;0;02/04/2019;0
Cornett; Lisa ;10094;1;1;0;1;5;3;4518;63381;0;19;Production Technician I;MA;2189;03/31/77;F;Married;US Citizen;Yes;White;01/05/2015;;N/A-StillEmployed;Active;Production       ;Kelley Spirea;18;Indeed;Fully Meets;4.73;5;0;2/14/2019;0
Costello; Frank;10193;1;1;1;1;3;3;4647;83552;0;9;Data Analyst;MA;1810;08/26/86;M ;Married;US Citizen;No;White;3/30/2015;;N/A-StillEmployed;Active;IT/IS;Simon Roup;4;Indeed;Fully Meets;3.04;3;6;1/22/2019;0
Crimmings;   Jean;10132;0;0;0;2;5;3;9460;56149;0;19;Production Technician I;MA;1821;04/10/1987;F;Single;US Citizen;No;White;07/06/2016;;N/A-StillEmployed;Active;Production       ;Michael Albert;22;LinkedIn;Fully Meets;4.12;5;0;1/28/2019;0
Cross; Noah;10083;0;0;1;1;3;3;5091;92329;0;28;Sr. Network Engineer;CT;6278;09/09/1965;M ;Single;US Citizen;No;White;11/10/2014;;N/A-StillEmployed;Active;IT/IS;Peter Monroe;7;Employee Referral;Fully Meets;5.00;3;4;01/02/2019;0
Daneault; Lynn;10099;0;0;0;1;6;3;8761;65729;0;21;Sales Manager;VT;5473;04/19/90;F;Single;US Citizen;No;White;05/05/2014;;N/A-StillEmployed;Active;Sales;Debra Houlihan;15;Indeed;Fully Meets;4.62;4;0;1/24/2019;0
Daniele; Ann  ;10212;1;1;0;3;3;3;3788;85028;0;28;Sr. Network Engineer;CT;6033;01/18/52;F;Married;US Citizen;No;White;11/10/2014;;N/A-StillEmployed;Active;IT/IS;Peter Monroe;7;LinkedIn;Fully Meets;3.10;5;8;02/12/2019;0
Darson; Jene'ya ;10056;1;1;0;1;5;3;3178;57583;0;19;Production Technician I;MA;2110;11/05/1978;F;Married;US Citizen;No;White;07/02/2012;;N/A-StillEmployed;Active;Production       ;Elijiah Gray;16;Indeed;Fully Meets;5.00;3;0;2/25/2019;0
Davis; Daniel;10143;0;0;1;1;5;3;4807;56294;0;20;Production Technician II;MA;2458;09/14/79;M ;Single;Eligible NonCitizen;No;Two or more races;11/07/2011;;N/A-StillEmployed;Active;Production       ;Kissy Sullivan;20;LinkedIn;Fully Meets;3.96;4;0;2/27/2019;0
Dee; Randy;10311;1;1;1;1;6;1;2274;56991;0;19;Production Technician I;MA;2138;04/15/88;M ;Married;US Citizen;No;White;07/09/2018;;N/A-StillEmployed;Active;Production       ;Brannon Miller;12;Indeed;Fully Meets;4.3;4;3;1/31/2019;2
DeGweck;  James;10070;1;1;1;5;5;3;7400;55722;1;19;Production Technician I;MA;1810;10/31/77;M ;Married;US Citizen;No;White;5/16/2011;06/08/2016;unhappy;Voluntarily Terminated;Production       ;Webster Butler;39;Indeed;Fully Meets;5.00;4;0;04/02/2016;0
Del Bosque; Keyla;10155;0;0;0;1;4;3;4447;101199;0;24;Software Engineer;MA;2176;07/05/1979;F;Single;US Citizen;No;Black or African American;01/09/2012;;N/A-StillEmployed;Active;Software Engineering;Alex Sweetwater;10;CareerBuilder;Fully Meets;3.79;5;5;1/25/2019;0
Delarge; Alex;10306;0;0;1;1;6;1;2582;61568;0;3;Area Sales Manager;AL;36006;11/02/1975;M ;Single;US Citizen;No;Two or more races;9/29/2014;;N/A-StillEmployed;Active;Sales;John Smith;17;Indeed;PIP;1.93;3;0;1/30/2019;6
Demita; Carla;10100;0;3;0;5;5;3;8162;58275;1;20;Production Technician II;MA;2343;02/25/51;F;Separated;US Citizen;No;Black or African American;04/04/2011;11/04/2015;more money;Voluntarily Terminated;Production       ;Kelley Spirea;18;Google Search;Fully Meets;4.62;5;0;05/06/2015;0
Desimone; Carl ;10310;1;1;1;1;5;1;1715;53189;0;19;Production Technician I;MA;2061;04/19/67;M ;Married;US Citizen;No;White;07/07/2014;;N/A-StillEmployed;Active;Production       ;Amy Dunn;11;Indeed;PIP;1.12;2;0;1/31/2019;4
DeVito; Tommy;10197;0;0;1;1;3;3;5609;96820;0;4;BI Developer;MA;2045;09/04/1983;M ;Single;US Citizen;No;White;2/15/2017;;N/A-StillEmployed;Active;IT/IS;Brian Champaigne;13;Indeed;Fully Meets;3.01;5;7;1/23/2019;0
Dickinson; Geoff ;10276;0;0;1;1;5;3;1962;51259;0;19;Production Technician I;MA;2180;11/15/82;M ;Single;US Citizen;No;White;05/12/2014;;N/A-StillEmployed;Active;Production       ;Ketsia Liebig;19;Indeed;Fully Meets;4.30;4;0;2/19/2019;0
Dietrich; Jenna  ;10304;0;0;0;1;6;1;2699;59231;0;3;Area Sales Manager;WA;98052;05/14/87;F;Single;US Citizen;Yes;White;2/20/2012;;N/A-StillEmployed;Active;Sales;John Smith;17;Website;PIP;2.30;1;0;1/29/2019;2
DiNocco; Lily ;10284;1;1;0;1;5;2;8113;61584;0;19;Production Technician I;MA;2351;12/02/1978;F;Married;US Citizen;No;Black or African American;01/07/2013;;N/A-StillEmployed;Active;Production       ;Brannon Miller;12;Indeed;Needs Improvement;3.88;4;0;1/18/2019;0
Dobrin; Denisa  S;10207;0;0;0;1;5;3;6378;46335;0;19;Production Technician I;MA;2125;10/07/1986;F;Single;US Citizen;Yes;White;04/02/2012;;N/A-StillEmployed;Active;Production       ;David Stanley;14;CareerBuilder;Fully Meets;3.40;5;0;2/19/2019;0
Dolan; Linda;10133;1;1;0;1;3;3;4204;70621;0;14;IT Support;MA;2119;07/18/88;F;Married;US Citizen;No;White;01/05/2015;;N/A-StillEmployed;Active;IT/IS;Peter Monroe;7;Employee Referral;Fully Meets;4.11;4;6;2/25/2019;0
Dougall; Eric;10028;0;0;1;1;3;4;3043;138888;0;13;IT Manager - Support;MA;1886;07/09/1970;M ;Single;US Citizen;No;Black or African American;01/05/2014;;N/A-StillEmployed;Active;IT/IS;Jennifer Zamora;5;Indeed;Exceeds;4.30;5;5;01/04/2019;0
Driver; Elle;10006;0;0;0;1;6;4;1666;74241;0;3;Area Sales Manager;CA;90007;11/08/1988;F;Single;US Citizen;No;White;01/10/2011;;N/A-StillEmployed;Active;Sales;Lynn Daneault;21;Indeed;Exceeds;4.77;5;0;1/27/2019;0
Dunn; Amy  ;10105;0;0;0;1;5;3;7958;75188;0;18;Production Manager;MA;1731;11/28/73;F;Single;US Citizen;No;White;9/18/2014;;N/A-StillEmployed;Active;Production       ;Janet King;2;Google Search;Fully Meets;4.52;4;0;1/15/2019;0
Dunne; Amy;10211;1;1;0;1;5;3;7052;62514;0;19;Production Technician I;MA;1749;09/23/73;F;Married;US Citizen;No;White;4/26/2010;;N/A-StillEmployed;Active;Production       ;Ketsia Liebig;19;Google Search;Fully Meets;2.90;3;0;1/21/2019;0
Eaton; Marianne;10064;1;1;0;5;5;3;5583;60070;1;19;Production Technician I;MA;2343;09/05/1991;F;Married;US Citizen;No;White;04/04/2011;06/06/2017;military;Voluntarily Terminated;Production       ;Kissy Sullivan;20;Google Search;Fully Meets;5.00;3;0;04/09/2017;0
Engdahl; Jean;10247;0;0;1;1;5;3;4727;48888;0;19;Production Technician I;MA;2026;05/31/74;M ;Single;US Citizen;No;White;11/10/2014;;N/A-StillEmployed;Active;Production       ;Kelley Spirea;18;LinkedIn;Fully Meets;4.70;5;0;2/13/2019;0
England; Rex;10235;1;1;1;1;5;3;5076;54285;0;19;Production Technician I;MA;2045;08/25/78;M ;Married;US Citizen;No;White;3/31/2014;;N/A-StillEmployed;Active;Production       ;Kelley Spirea;18;Employee Referral;Fully Meets;4.20;3;0;01/11/2019;0
Erilus; Angela;10299;0;3;0;1;5;1;4041;56847;0;20;Production Technician II;MA;2133;08/25/89;F;Separated;US Citizen;No;White;07/07/2014;;N/A-StillEmployed;Active;Production       ;Michael Albert;22;Indeed;PIP;3.00;1;0;2/25/2019;2
Estremera; Miguel;10280;0;0;1;4;5;2;7666;60340;1;19;Production Technician I;MA;2129;09/02/1983;M ;Single;US Citizen;No;White;04/02/2012;9/27/2018;attendance;Terminated for Cause;Production       ;Michael Albert;22;Google Search;Needs Improvement;5.00;4;0;04/12/2018;5
Evensen; April;10296;0;0;0;4;5;2;5597;59124;1;19;Production Technician I;MA;2458;05/06/1989;F;Single;US Citizen;No;White;2/17/2014;2/25/2018;no-call, no-show;Terminated for Cause;Production       ;Elijiah Gray;16;Google Search;Needs Improvement;2.30;3;0;1/15/2017;5
Exantus; Susan;10290;1;1;0;4;4;2;4899;99280;1;24;Software Engineer;MA;1749;05/15/87;F;Married;US Citizen;No;Black or African American;05/02/2011;06/05/2013;attendance;Terminated for Cause;Software Engineering;Alex Sweetwater;10;Indeed;Needs Improvement;2.10;5;4;08/10/2012;4
Faller; Megan ;10263;1;1;0;1;5;3;9990;71776;0;20;Production Technician II;MA;1824;09/22/78;F;Married;US Citizen;No;Black or African American;07/07/2014;;N/A-StillEmployed;Active;Production       ;Elijiah Gray;16;LinkedIn;Fully Meets;4.40;5;0;2/22/2019;0
Fancett; Nicole;10136;0;0;0;1;5;3;3687;65902;0;20;Production Technician II;MA;2324;09/27/87;F;Single;US Citizen;No;Black or African American;2/17/2014;;N/A-StillEmployed;Active;Production       ;Webster Butler;;LinkedIn;Fully Meets;4.00;4;0;01/07/2019;0
Ferguson; Susan;10189;1;1;0;5;5;3;6570;57748;1;19;Production Technician I;MA;2176;04/14/55;F;Married;US Citizen;No;White;11/07/2011;5/17/2016;military;Voluntarily Terminated;Production       ;Webster Butler;39;Google Search;Fully Meets;3.13;3;0;02/04/2016;0
Fernandes; Nilson  ;10308;1;1;1;1;5;1;5581;64057;0;19;Production Technician I;MA;2132;10/18/89;M ;Married;US Citizen;No;White;05/11/2015;;N/A-StillEmployed;Active;Production       ;Amy Dunn;11;Indeed;PIP;1.56;5;0;01/03/2019;6
Fett; Boba;10309;0;0;1;1;3;1;4080;53366;0;15;Network Engineer;MA;2138;06/18/87;M ;Single;US Citizen;No;White;3/30/2015;;N/A-StillEmployed;Active;IT/IS;Peter Monroe;7;LinkedIn;PIP;1.20;3;6;02/04/2019;3
Fidelia;  Libby;10049;1;1;0;1;5;3;1748;58530;0;19;Production Technician I;MA;2155;03/16/81;F;Married;US Citizen;No;White;01/09/2012;;N/A-StillEmployed;Active;Production       ;Brannon Miller;12;Google Search;Fully Meets;5.00;5;0;1/29/2019;0
Fitzpatrick; Michael  J;10093;0;0;1;5;5;3;4120;72609;1;20;Production Technician II;MA;2143;10/01/1981;M ;Single;US Citizen;Yes;White;5/16/2011;6/24/2013;hours;Voluntarily Terminated;Production       ;Amy Dunn;11;Google Search;Fully Meets;4.76;5;0;04/05/2013;0
Foreman; Tanya;10163;1;1;0;5;5;3;7734;55965;1;20;Production Technician II;MA;2170;11/08/1983;F;Married;US Citizen;No;White;04/04/2011;01/09/2013;career change;Voluntarily Terminated;Production       ;Ketsia Liebig;19;Google Search;Fully Meets;3.66;3;0;01/07/2012;0
Forrest; Alex;10305;1;1;1;1;6;3;4243;70187;1;3;Area Sales Manager;MA;2330;07/07/1975;M ;Married;US Citizen;No;White;9/29/2014;8/19/2018;Fatal attraction;Terminated for Cause;Sales;Lynn Daneault;21;Employee Referral;PIP;2.00;5;0;1/28/2019;4
Foss; Jason;10015;0;0;1;1;3;4;6749;178000;0;12;IT Director;MA;1460;07/05/1980;M ;Single;US Citizen;No;Black or African American;4/15/2011;;N/A-StillEmployed;Active;IT/IS;Jennifer Zamora;5;Indeed;Exceeds;5.00;5;5;01/07/2019;0
Foster-Baker; Amy;10080;1;1;0;1;1;3;3626;99351;0;26;Sr. Accountant;MA;2050;04/16/79;F;Married;US Citizen;no;White;01/05/2009;;N/A-StillEmployed;Active;Admin Offices;Board of Directors;9;Other;Fully Meets;5.00;3;2;02/08/2019;0
Fraval; Maruk ;10258;0;0;1;1;6;3;8089;67251;0;3;Area Sales Manager;CT;6050;08/28/63;M ;Single;US Citizen;No;Black or African American;09/06/2011;;N/A-StillEmployed;Active;Sales;Lynn Daneault;21;CareerBuilder;Fully Meets;4.30;3;0;1/27/2019;2
Galia; Lisa;10273;0;0;0;1;3;3;4421;65707;0;14;IT Support;CT;6040;07/06/1968;F;Single;US Citizen;No;White;05/01/2010;;N/A-StillEmployed;Active;IT/IS;Eric Dougall;6;LinkedIn;Fully Meets;4.70;4;5;02/01/2019;0
Garcia; Raul;10111;0;0;1;1;5;3;6041;52249;0;19;Production Technician I;MA;1905;09/15/85;M ;Single;US Citizen;Yes;White;3/30/2015;;N/A-StillEmployed;Active;Production       ;David Stanley;14;Employee Referral;Fully Meets;4.50;3;0;2/18/2019;0
Gaul; Barbara;10257;0;0;0;1;5;3;3696;53171;0;19;Production Technician I;MA;2121;12/02/1983;F;Single;US Citizen;Yes;Black or African American;5/16/2011;;N/A-StillEmployed;Active;Production       ;Kelley Spirea;18;LinkedIn;Fully Meets;4.20;4;0;2/26/2019;0
Gentry; Mildred;10159;1;1;0;1;5;3;7333;51337;0;19;Production Technician I;MA;2145;10/01/1990;F;Married;US Citizen;No;Black or African American;3/30/2015;;N/A-StillEmployed;Active;Production       ;Michael Albert;22;LinkedIn;Fully Meets;3.73;3;0;1/16/2019;0
Gerke; Melisa;10122;0;2;0;5;5;3;1522;51505;1;19;Production Technician I;MA;2330;05/15/70;F;Divorced;US Citizen;No;Black or African American;11/07/2011;11/15/2016;hours;Voluntarily Terminated;Production       ;Elijiah Gray;16;Diversity Job Fair;Fully Meets;4.24;4;0;4/29/2016;0
Gill; Whitney  ;10142;0;4;0;4;6;3;4001;59370;1;3;Area Sales Manager;OH;43050;07/10/1971;F;Widowed;US Citizen;No;Black or African American;07/07/2014;09/05/2015;attendance;Terminated for Cause;Sales;John Smith;17;CareerBuilder;Fully Meets;3.97;4;0;1/15/2014;0
Gilles; Alex;10283;1;1;1;5;5;2;7065;54933;1;19;Production Technician I;MA;2062;08/09/1974;M ;Married;US Citizen;No;Black or African American;04/02/2012;6/25/2015;military;Voluntarily Terminated;Production       ;Webster Butler;39;Diversity Job Fair;Needs Improvement;3.97;4;0;1/20/2015;3
Girifalco; Evelyn;10018;0;0;0;1;5;4;2677;57815;0;19;Production Technician I;MA;2451;05/08/1980;F;Single;US Citizen;Yes;Two or more races;9/29/2014;;N/A-StillEmployed;Active;Production       ;Amy Dunn;11;Indeed;Exceeds;3.90;4;0;02/07/2019;0
Givens; Myriam;10255;0;0;0;1;6;3;3724;61555;0;3;Area Sales Manager;IN;46204;09/22/89;F;Single;US Citizen;No;White;2/16/2015;;N/A-StillEmployed;Active;Sales;Lynn Daneault;21;Indeed;Fully Meets;4.50;5;0;1/25/2019;0
Goble; Taisha;10246;0;0;0;4;3;3;9685;114800;1;8;Database Administrator;MA;2127;10/23/71;F;Single;US Citizen;No;White;2/16/2015;3/15/2015;no-call, no-show;Terminated for Cause;IT/IS;Simon Roup;4;Indeed;Fully Meets;4.60;4;4;1/20/2015;0
Goeth; Amon;10228;1;1;1;1;3;3;8261;74679;0;14;IT Support;MA;2135;11/24/89;M ;Married;US Citizen;Yes;White;3/30/2015;;N/A-StillEmployed;Active;IT/IS;Peter Monroe;7;LinkedIn;Fully Meets;4.30;5;7;01/10/2019;0
Gold; Shenice  ;10243;0;0;0;1;5;3;9797;53018;0;19;Production Technician I;MA;2451;06/18/92;F;Single;US Citizen;Yes;White;11/11/2013;;N/A-StillEmployed;Active;Production       ;Ketsia Liebig;19;Indeed;Fully Meets;4.30;5;0;2/18/2019;0
Gonzalez; Cayo;10031;0;2;1;1;5;4;7485;59892;0;19;Production Technician I;MA;2108;09/29/69;M ;Divorced;US Citizen;No;Black or African American;07/11/2011;;N/A-StillEmployed;Active;Production       ;Brannon Miller;12;Diversity Job Fair;Exceeds;4.50;4;0;2/18/2019;0
Gonzalez; Juan;10300;1;1;1;5;5;1;4386;68898;1;20;Production Technician II;MA;2128;10/12/1964;M ;Married;US Citizen;No;Black or African American;4/26/2010;5/30/2011;career change;Voluntarily Terminated;Production       ;Brannon Miller;12;Diversity Job Fair;PIP;3.00;3;0;03/06/2011;3
Gonzalez; Maria;10101;0;3;0;1;3;3;3904;61242;0;14;IT Support;MA;2472;04/16/81;F;Separated;US Citizen;Yes;White;01/05/2015;;N/A-StillEmployed;Active;IT/IS;Peter Monroe;7;Employee Referral;Fully Meets;4.61;4;5;1/28/2019;0
Good; Susan;10237;1;1;0;3;5;3;2005;66825;0;20;Production Technician II;MA;1886;05/25/86;F;Married;US Citizen;No;White;05/12/2014;;N/A-StillEmployed;Active;Production       ;David Stanley;14;LinkedIn;Fully Meets;4.60;3;0;02/07/2019;0
Gordon; David;10051;1;1;1;1;5;3;2625;48285;0;19;Production Technician I;MA;2169;05/21/79;M ;Married;US Citizen;No;White;07/02/2012;;N/A-StillEmployed;Active;Production       ;David Stanley;14;LinkedIn;Fully Meets;5.00;3;0;1/14/2019;0
Gosciminski; Phylicia  ;10218;0;3;0;3;5;3;4470;66149;0;20;Production Technician II;MA;1824;12/08/1983;F;Separated;US Citizen;No;American Indian or Alaska Native;9/30/2013;;N/A-StillEmployed;Active;Production       ;Kissy Sullivan;20;Google Search;Fully Meets;4.40;5;0;2/21/2019;0
Goyal; Roxana;10256;1;1;0;3;5;3;4140;49256;0;19;Production Technician I;MA;1864;10/09/1974;F;Married;US Citizen;No;Asian;8/19/2013;;N/A-StillEmployed;Active;Production       ;Kissy Sullivan;20;LinkedIn;Fully Meets;4.10;5;0;2/15/2019;0
Gray; Elijiah  ;10098;0;2;1;1;5;3;8338;62957;0;18;Production Manager;MA;1752;07/11/1981;M ;Divorced;US Citizen;No;White;06/02/2015;;N/A-StillEmployed;Active;Production       ;Janet King;2;Employee Referral;Fully Meets;4.63;3;0;01/04/2019;0
Gross; Paula;10059;0;2;0;5;5;3;1579;63813;1;19;Production Technician I;MA;2176;05/21/83;F;Divorced;US Citizen;No;White;2/21/2011;01/11/2014;more money;Voluntarily Terminated;Production       ;Kelley Spirea;18;CareerBuilder;Fully Meets;5.00;5;0;06/03/2013;0
Gruber; Hans;10234;1;1;1;1;3;3;9261;99020;0;4;BI Developer;MA;2134;06/30/89;M ;Married;US Citizen;No;Black or African American;4/20/2017;;N/A-StillEmployed;Active;IT/IS;Brian Champaigne;13;Indeed;Fully Meets;4.20;5;5;1/28/2019;0
Guilianno; Mike;10109;0;0;1;5;6;3;2062;71707;1;3;Area Sales Manager;TN;37129;02/09/1969;M ;Single;US Citizen;No;Two or more races;03/07/2012;10/31/2014;relocation out of area;Voluntarily Terminated;Sales;John Smith;17;LinkedIn;Fully Meets;4.50;5;0;02/01/2013;0
Handschiegl; Joanne;10125;1;1;0;1;5;3;9515;54828;0;19;Production Technician I;MA;2127;03/23/77;F;Married;US Citizen;No;White;11/28/2011;;N/A-StillEmployed;Active;Production       ;Michael Albert;22;Google Search;Fully Meets;4.20;4;0;2/22/2019;0
Hankard; Earnest;10074;0;0;1;1;5;3;2123;64246;0;20;Production Technician II;MA;2155;08/10/1988;M ;Single;US Citizen;Yes;White;11/11/2013;;N/A-StillEmployed;Active;Production       ;Kelley Spirea;18;LinkedIn;Fully Meets;5.00;3;0;01/08/2019;0
Harrington; Christie ;10097;0;0;0;5;5;3;3060;52177;1;19;Production Technician I;MA;2324;08/18/52;F;Single;US Citizen;No;White;01/09/2012;12/15/2015;retiring;Voluntarily Terminated;Production       ;Webster Butler;39;CareerBuilder;Fully Meets;4.64;4;0;05/02/2015;0
Harrison; Kara;10007;1;1;0;1;5;4;2082;62065;0;19;Production Technician I;MA;1886;05/02/1974;F;Married;US Citizen;No;White;05/12/2014;;N/A-StillEmployed;Active;Production       ;Amy Dunn;11;CareerBuilder;Exceeds;4.76;4;0;2/15/2019;0
Heitzman; Anthony;10129;0;0;1;1;5;3;8761;46998;0;19;Production Technician I;MA;2149;01/04/1984;M ;Single;US Citizen;No;White;8/13/2012;;N/A-StillEmployed;Active;Production       ;Ketsia Liebig;19;Google Search;Fully Meets;4.17;4;0;02/11/2019;0
Hendrickson; Trina;10075;0;0;0;5;5;3;5329;68099;1;20;Production Technician II;MA;2021;08/27/72;F;Single;US Citizen;No;White;01/10/2011;6/18/2013;hours;Voluntarily Terminated;Production       ;Kelley Spirea;18;CareerBuilder;Fully Meets;5.00;3;0;1/30/2013;0
Hitchcock; Alfred;10167;1;1;1;1;6;3;4749;70545;0;3;Area Sales Manager;NH;3062;09/14/88;M ;Married;US Citizen;No;American Indian or Alaska Native;8/18/2014;;N/A-StillEmployed;Active;Sales;John Smith;17;Indeed;Fully Meets;3.60;5;0;1/30/2019;0
Homberger; Adrienne  J;10195;1;1;0;5;5;3;4744;63478;1;20;Production Technician II;MA;2445;02/16/84;F;Married;Non-Citizen;No;White;8/15/2011;04/07/2012;relocation out of area;Voluntarily Terminated;Production       ;Michael Albert;30;Indeed;Fully Meets;3.03;5;0;03/05/2012;0
Horton; Jayne;10112;0;0;0;1;3;3;9553;97999;0;8;Database Administrator;MA;2493;02/21/84;F;Single;US Citizen;No;White;3/30/2015;;N/A-StillEmployed;Active;IT/IS;Simon Roup;4;Indeed;Fully Meets;4.48;5;6;01/03/2019;0
Houlihan; Debra;10272;1;1;0;1;6;3;3935;180000;0;11;Director of Sales;RI;2908;03/17/66;F;Married;US Citizen;No;White;05/05/2014;;N/A-StillEmployed;Active;Sales;Janet King;2;LinkedIn;Fully Meets;4.50;4;0;1/21/2019;0
Howard; Estelle;10182;1;1;0;1;1;3;2108;49920;1;2;Administrative Assistant;MA;2170;09/16/85;F;Married;US Citizen;No;Black or African American;2/16/2015;4/15/2015;no-call, no-show;Terminated for Cause;Admin Offices;Brandon R. LeBlanc;1;Indeed;Fully Meets;3.24;3;4;4/15/2015;0
Hudson; Jane;10248;0;0;0;1;5;3;6265;55425;0;19;Production Technician I;MA;2176;06/10/1986;F;Single;US Citizen;No;White;2/20/2012;;N/A-StillEmployed;Active;Production       ;Ketsia Liebig;19;LinkedIn;Fully Meets;4.80;4;0;01/07/2019;0
Hunts; Julissa;10201;0;0;0;2;5;3;2055;69340;0;20;Production Technician II;MA;2021;03/11/1984;F;Single;US Citizen;No;White;06/06/2016;;N/A-StillEmployed;Active;Production       ;Elijiah Gray;16;LinkedIn;Fully Meets;3.00;5;0;1/18/2019;0
Hutter; Rosalie;10214;0;3;0;2;5;3;2554;64995;0;20;Production Technician II;MA;2351;05/07/1992;F;Separated;US Citizen;No;White;06/05/2015;;N/A-StillEmployed;Active;Production       ;Webster Butler;;Indeed;Fully Meets;4.50;3;0;2/14/2019;0
Huynh; Ming;10160;0;2;0;5;5;3;2553;68182;1;20;Production Technician II;MA;1742;09/22/76;F;Divorced;US Citizen;No;White;2/21/2011;04/01/2013;unhappy;Voluntarily Terminated;Production       ;Amy Dunn;11;Google Search;Fully Meets;3.72;3;0;02/01/2013;0
Immediato; Walter;10289;1;1;1;5;5;2;4545;83082;1;18;Production Manager;MA;2128;11/15/76;M ;Married;US Citizen;No;Asian;2/21/2011;9/24/2012;unhappy;Voluntarily Terminated;Production       ;Janet King;2;Indeed;Needs Improvement;2.34;2;0;04/12/2012;3
Ivey; Rose ;10139;0;0;0;1;5;3;5912;51908;0;19;Production Technician I;MA;1775;01/28/91;F;Single;US Citizen;No;White;8/19/2013;;N/A-StillEmployed;Active;Production       ;Brannon Miller;12;Indeed;Fully Meets;3.99;3;0;1/14/2019;0
Jackson; Maryellen;10227;0;0;0;1;5;3;9415;61242;0;19;Production Technician I;MA;2081;09/11/1972;F;Single;US Citizen;No;Black or African American;11/05/2012;;N/A-StillEmployed;Active;Production       ;David Stanley;14;LinkedIn;Fully Meets;4.10;3;0;1/17/2019;0
Jacobi; Hannah  ;10236;0;2;0;1;5;3;7287;45069;0;19;Production Technician I;MA;1778;03/22/66;F;Divorced;US Citizen;No;White;9/30/2013;;N/A-StillEmployed;Active;Production       ;Kissy Sullivan;20;Employee Referral;Fully Meets;4.30;5;0;2/22/2019;0
Jeannite; Tayana;10009;0;2;0;1;5;4;3983;60724;0;20;Production Technician II;MA;1821;11/06/1986;F;Divorced;US Citizen;No;American Indian or Alaska Native;07/05/2011;;N/A-StillEmployed;Active;Production       ;Ketsia Liebig;19;LinkedIn;Exceeds;4.60;4;0;2/25/2019;0
Jhaveri; Sneha  ;10060;0;3;0;1;5;3;4110;60436;0;19;Production Technician I;MA;2109;04/13/64;F;Separated;US Citizen;No;White;01/06/2014;;N/A-StillEmployed;Active;Production       ;Kelley Spirea;18;LinkedIn;Fully Meets;5.00;5;0;1/21/2019;0
Johnson; George;10034;1;1;1;5;5;4;5171;46837;1;19;Production Technician I;MA;2445;08/19/59;M ;Married;US Citizen;No;White;11/07/2011;4/29/2018;more money;Voluntarily Terminated;Production       ;Michael Albert;22;CareerBuilder;Exceeds;4.70;4;0;2/14/2018;0
Johnson; Noelle ;10156;1;1;0;3;3;3;7870;105700;0;8;Database Administrator;MA;2301;11/07/1986;F;Married;US Citizen;No;Asian;01/05/2015;;N/A-StillEmployed;Active;IT/IS;Simon Roup;4;Indeed;Fully Meets;3.75;3;5;02/11/2019;0
Johnston; Yen;10036;0;0;0;1;5;4;2635;63322;0;20;Production Technician II;MA;2128;09/08/1969;F;Single;US Citizen;No;White;07/07/2014;;N/A-StillEmployed;Active;Production       ;Brannon Miller;12;LinkedIn;Exceeds;4.30;3;0;01/11/2019;0
Jung; Judy  ;10138;1;1;0;5;5;3;3300;61154;1;19;Production Technician I;MA;2446;04/17/86;F;Married;US Citizen;No;Black or African American;01/10/2011;04/01/2016;unhappy;Voluntarily Terminated;Production       ;Elijiah Gray;16;CareerBuilder;Fully Meets;4.00;4;0;02/03/2016;0
Kampew; Donysha;10244;0;0;0;5;6;3;5099;68999;1;21;Sales Manager;PA;19444;11/11/1989;F;Single;US Citizen;No;White;11/07/2011;4/24/2014;maternity leave - did not return;Voluntarily Terminated;Sales;Debra Houlihan;15;Google Search;Fully Meets;4.50;5;0;3/30/2013;0
Keatts; Kramer ;10192;0;0;1;1;5;3;5997;50482;0;19;Production Technician I;MA;1887;01/19/76;M ;Single;US Citizen;No;White;9/30/2013;;N/A-StillEmployed;Active;Production       ;Michael Albert;22;Indeed;Fully Meets;3.07;4;0;1/23/2019;0
Khemmich; Bartholemew;10231;0;0;1;1;6;3;5512;65310;0;3;Area Sales Manager;CO;80820;11/27/79;M ;Single;US Citizen;No;White;8/19/2013;;N/A-StillEmployed;Active;Sales;Lynn Daneault;21;Indeed;Fully Meets;4.30;5;0;1/22/2019;0
King; Janet;10089;1;1;0;1;2;3;4984;250000;0;16;President & CEO;MA;1902;09/21/54;F;Married;US Citizen;Yes;White;07/02/2012;;N/A-StillEmployed;Active;Executive Office;Board of Directors;9;Indeed;Fully Meets;4.83;3;0;1/17/2019;0
Kinsella; Kathleen  ;10166;1;1;0;5;5;3;2280;54005;1;19;Production Technician I;MA;2170;12/08/1973;F;Married;US Citizen;No;White;9/26/2011;06/04/2015;more money;Voluntarily Terminated;Production       ;Webster Butler;39;Google Search;Fully Meets;3.60;5;0;03/01/2015;0
Kirill; Alexandra  ;10170;1;1;0;5;5;3;3721;45433;1;19;Production Technician I;MA;2127;10/08/1970;F;Married;US Citizen;No;White;9/26/2011;01/09/2014;more money;Voluntarily Terminated;Production       ;Amy Dunn;11;Google Search;Fully Meets;3.49;4;0;1/30/2013;0
Knapp; Bradley  J;10208;0;0;1;1;5;3;1937;46654;0;19;Production Technician I;MA;1721;11/10/1977;M ;Single;US Citizen;No;Black or African American;2/17/2014;;N/A-StillEmployed;Active;Production       ;Ketsia Liebig;19;LinkedIn;Fully Meets;3.10;3;0;02/06/2019;0
Kretschmer; John;10176;1;1;1;1;5;3;2061;63973;0;19;Production Technician I;MA;1801;02/02/1980;M ;Married;US Citizen;No;Asian;01/10/2011;;N/A-StillEmployed;Active;Production       ;Brannon Miller;12;Indeed;Fully Meets;3.38;3;0;1/21/2019;0
Kreuger; Freddy;10165;0;0;1;1;6;3;5395;71339;0;3;Area Sales Manager;NY;10171;02/24/69;M ;Single;US Citizen;Yes;Black or African American;03/07/2011;;N/A-StillEmployed;Active;Sales;John Smith;17;Diversity Job Fair;Fully Meets;3.65;5;0;1/17/2019;0
Lajiri;  Jyoti;10113;1;1;1;3;3;3;3813;93206;0;28;Sr. Network Engineer;MA;2169;04/23/86;M ;Married;US Citizen;No;White;11/10/2014;;N/A-StillEmployed;Active;IT/IS;Peter Monroe;7;Employee Referral;Fully Meets;4.46;5;6;01/07/2019;0
Landa; Hans;10092;1;1;1;4;5;3;4739;82758;1;18;Production Manager;MA;1890;07/01/1972;M ;Married;US Citizen;No;White;01/10/2011;12/12/2015;attendance;Terminated for Cause;Production       ;Janet King;2;Employee Referral;Fully Meets;4.78;4;0;2/15/2015;0
Langford; Lindsey;10106;0;2;0;5;5;3;6997;66074;1;20;Production Technician II;MA;2090;07/25/79;F;Divorced;US Citizen;No;Asian;01/07/2013;3/31/2014;Another position;Voluntarily Terminated;Production       ;David Stanley;14;Indeed;Fully Meets;4.52;3;0;2/20/2014;0
Langton; Enrico;10052;1;1;1;1;5;3;3932;46120;0;19;Production Technician I;MA;2048;12/09/1986;M ;Married;US Citizen;No;White;07/09/2012;;N/A-StillEmployed;Active;Production       ;David Stanley;14;LinkedIn;Fully Meets;5.00;5;0;02/04/2019;0
LaRotonda; William  ;10038;0;2;1;1;1;3;5450;64520;0;1;Accountant I;MA;1460;04/26/84;M ;Divorced;US Citizen;No;Black or African American;01/06/2014;;N/A-StillEmployed;Active;Admin Offices;Brandon R. LeBlanc;1;Website;Fully Meets;5.00;4;4;1/17/2019;0
Latif; Mohammed;10249;1;1;1;5;5;3;5122;61962;1;20;Production Technician II;MA;2126;05/09/1984;M ;Married;US Citizen;No;White;04/02/2012;4/15/2013;more money;Voluntarily Terminated;Production       ;Kissy Sullivan;20;Google Search;Fully Meets;4.90;3;0;2/20/2013;0
Le; Binh;10232;0;0;0;1;3;3;9989;81584;0;22;Senior BI Developer;MA;1886;06/14/87;F;Single;US Citizen;No;Asian;10/02/2016;;N/A-StillEmployed;Active;IT/IS;Brian Champaigne;13;Indeed;Fully Meets;4.10;5;7;01/08/2019;0
Leach; Dallas;10087;0;0;0;5;5;3;8194;63676;1;19;Production Technician I;MA;1810;01/17/79;F;Single;US Citizen;No;Asian;9/26/2011;8/19/2018;return to school;Voluntarily Terminated;Production       ;Kissy Sullivan;20;CareerBuilder;Fully Meets;4.88;3;0;07/02/2017;0
LeBlanc; Brandon  R;10134;1;1;1;1;1;3;3214;93046;0;23;Shared Services Manager;MA;1460;06/10/1984;M ;Married;US Citizen;No;White;01/05/2016;;N/A-StillEmployed;Active;Admin Offices;Janet King;2;CareerBuilder;Fully Meets;4.10;4;0;1/28/2019;0
Lecter; Hannibal;10251;1;1;1;1;5;3;3135;64738;0;19;Production Technician I;MA;1776;09/02/1982;M ;Married;US Citizen;No;Asian;5/14/2012;;N/A-StillEmployed;Active;Production       ;Elijiah Gray;16;Google Search;Fully Meets;4.10;3;0;2/22/2019;0
Leruth; Giovanni;10103;0;3;1;1;6;3;6774;70468;0;3;Area Sales Manager;UT;84111;12/27/88;M ;Separated;US Citizen;No;Black or African American;4/30/2012;;N/A-StillEmployed;Active;Sales;John Smith;17;Website;Fully Meets;4.53;3;0;1/29/2019;0
Liebig; Ketsia;10017;1;1;0;1;5;4;7336;77915;0;18;Production Manager;MA;2110;10/26/81;F;Married;US Citizen;No;White;9/30/2013;;N/A-StillEmployed;Active;Production       ;Janet King;2;Website;Exceeds;4.10;3;0;1/21/2019;0
Linares; Marilyn ;10186;1;1;0;5;5;3;3472;52624;1;19;Production Technician I;MA;1886;03/26/81;F;Married;US Citizen;No;White;07/05/2011;9/26/2018;unhappy;Voluntarily Terminated;Production       ;Michael Albert;22;Indeed;Fully Meets;3.18;4;0;03/02/2018;0
Linden; Mathew;10137;1;1;1;3;5;3;7931;63450;0;20;Production Technician II;MA;1770;03/19/79;M ;Married;US Citizen;No;White;07/08/2013;;N/A-StillEmployed;Active;Production       ;Kelley Spirea;18;LinkedIn;Fully Meets;4.00;3;0;2/18/2019;0
Lindsay; Leonara ;10008;0;0;0;1;3;4;2729;51777;0;14;IT Support;CT;6070;10/05/1988;F;Single;US Citizen;Yes;Black or African American;1/21/2011;;N/A-StillEmployed;Active;IT/IS;Eric Dougall;6;Diversity Job Fair;Exceeds;4.64;4;5;1/25/2019;0
Lundy; Susan;10096;0;4;0;5;5;3;2793;67237;1;20;Production Technician II;MA;2122;12/26/76;F;Widowed;US Citizen;No;White;07/08/2013;9/15/2016;more money;Voluntarily Terminated;Production       ;Michael Albert;22;LinkedIn;Fully Meets;4.65;4;0;06/10/2016;0
Lunquist; Lisa;10035;0;0;0;1;5;4;5097;73330;0;20;Production Technician II;MA;2324;03/28/82;F;Single;US Citizen;No;Black or African American;8/19/2013;;N/A-StillEmployed;Active;Production       ;Elijiah Gray;16;Indeed;Exceeds;4.20;4;0;02/12/2019;0
Lydon; Allison;10057;1;1;0;3;5;3;2633;52057;0;19;Production Technician I;MA;2122;10/22/75;F;Married;US Citizen;No;Black or African American;2/16/2015;;N/A-StillEmployed;Active;Production       ;Elijiah Gray;16;Website;Fully Meets;5.00;3;0;1/23/2019;0
Lynch; Lindsay;10004;0;0;0;5;5;4;6022;47434;1;19;Production Technician I;MA;1844;02/14/73;F;Single;US Citizen;Yes;Black or African American;11/07/2011;11/14/2015;Another position;Voluntarily Terminated;Production       ;Webster Butler;39;Diversity Job Fair;Exceeds;5.00;4;0;02/02/2015;0
MacLennan; Samuel;10191;0;4;1;5;5;3;7880;52788;1;19;Production Technician I;MA;1938;11/09/1972;M ;Widowed;US Citizen;No;White;9/24/2012;9/26/2017;hours;Voluntarily Terminated;Production       ;Amy Dunn;11;Indeed;Fully Meets;3.08;4;0;04/01/2017;0
Mahoney; Lauren  ;10219;0;0;0;1;5;3;1584;45395;0;19;Production Technician I;MA;2189;07/07/1986;F;Single;US Citizen;No;White;01/06/2014;;N/A-StillEmployed;Active;Production       ;Ketsia Liebig;19;LinkedIn;Fully Meets;4.60;4;0;2/26/2019;0
Manchester; Robyn;10077;1;1;0;2;5;3;5948;62385;0;20;Production Technician II;MA;2324;08/25/76;F;Married;US Citizen;No;White;05/11/2016;;N/A-StillEmployed;Active;Production       ;Webster Butler;;LinkedIn;Fully Meets;5.00;3;0;1/21/2019;0
Mancuso; Karen;10073;1;1;0;5;5;3;3362;68407;1;20;Production Technician II;MA;2176;12/10/1986;F;Married;US Citizen;No;Two or more races;07/05/2011;8/19/2012;Another position;Voluntarily Terminated;Production       ;Amy Dunn;11;LinkedIn;Fully Meets;5.00;4;0;07/02/2012;0
Mangal; Debbie;10279;1;1;0;1;5;3;2058;61349;0;19;Production Technician I;MA;2451;11/07/1974;F;Married;US Citizen;No;White;11/11/2013;;N/A-StillEmployed;Active;Production       ;Brannon Miller;12;LinkedIn;Fully Meets;4.10;3;0;1/22/2019;0
Martin; Sandra;10110;0;0;0;1;4;3;6318;105688;0;24;Software Engineer;MA;2135;11/07/1987;F;Single;US Citizen;No;Asian;11/11/2013;;N/A-StillEmployed;Active;Software Engineering;Alex Sweetwater;10;Google Search;Fully Meets;4.50;5;4;1/14/2019;0
Maurice; Shana;10053;1;1;0;1;5;3;5135;54132;0;19;Production Technician I;MA;2330;11/22/77;F;Married;US Citizen;No;White;5/31/2011;;N/A-StillEmployed;Active;Production       ;David Stanley;14;Indeed;Fully Meets;5.00;4;0;01/10/2019;0
Carthy; B'rigit;10076;0;0;0;1;5;3;1895;55315;0;20;Production Technician II;MA;2149;05/21/87;F;Single;US Citizen;No;Black or African American;3/30/2015;;N/A-StillEmployed;Active;Production       ;Ketsia Liebig;19;LinkedIn;Fully Meets;5.00;5;0;02/07/2019;0
Mckenna; Sandy;10145;1;1;0;1;5;3;2925;62810;0;19;Production Technician I;MA;2184;01/07/1987;F;Married;US Citizen;No;Black or African American;01/07/2013;;N/A-StillEmployed;Active;Production       ;Kissy Sullivan;20;CareerBuilder;Fully Meets;3.93;3;0;1/30/2019;0
McKinzie; Jac;10202;1;1;1;2;6;3;7542;63291;0;3;Area Sales Manager;TX;78789;07/01/1984;M ;Married;US Citizen;No;Two or more races;07/06/2016;;N/A-StillEmployed;Active;Sales;Lynn Daneault;21;Website;Fully Meets;3.40;4;0;1/29/2019;0
Meads; Elizabeth;10128;0;0;0;5;5;3;2678;62659;1;19;Production Technician I;MA;1760;05/30/68;F;Single;US Citizen;No;Black or African American;04/02/2012;11/11/2016;Another position;Voluntarily Terminated;Production       ;Kelley Spirea;18;Diversity Job Fair;Fully Meets;4.18;4;0;02/05/2016;0
Medeiros; Jennifer;10068;0;0;0;1;5;3;3622;55688;0;19;Production Technician I;MA;2346;09/22/76;F;Single;US Citizen;No;White;3/30/2015;;N/A-StillEmployed;Active;Production       ;Michael Albert;22;CareerBuilder;Fully Meets;5.00;4;0;1/21/2019;0
Miller; Brannon;10116;0;0;1;1;5;3;3691;83667;0;18;Production Manager;MA;2045;08/10/1981;M ;Single;US Citizen;yes;Hispanic;8/16/2012;;N/A-StillEmployed;Active;Production       ;Janet King;2;Indeed;Fully Meets;4.37;3;0;1/14/2019;0
Miller; Ned;10298;0;0;1;5;5;1;7068;55800;1;20;Production Technician II;MA;2472;06/29/85;M ;Single;US Citizen;No;White;8/15/2011;09/04/2014;unhappy;Voluntarily Terminated;Production       ;Brannon Miller;12;LinkedIn;PIP;3.00;2;0;1/14/2013;6
Monkfish; Erasumus;10213;1;1;1;1;5;3;5620;58207;0;20;Production Technician II;MA;1450;08/17/92;M ;Married;US Citizen;No;White;11/07/2011;;N/A-StillEmployed;Active;Production       ;David Stanley;14;LinkedIn;Fully Meets;3.70;3;0;01/08/2019;0
Monroe; Peter;10288;1;1;1;1;3;2;8029;157000;0;13;IT Manager - Infra;MA;2134;10/05/1986;M ;Married;Eligible NonCitizen;Yes;Black or African American;2/15/2012;;N/A-StillEmployed;Active;IT/IS;Jennifer Zamora;5;Diversity Job Fair;Needs Improvement;2.39;3;6;2/22/2019;4
Monterro; Luisa;10025;0;0;0;1;5;4;6903;72460;0;20;Production Technician II;MA;2126;04/24/70;F;Single;US Citizen;No;Black or African American;5/13/2013;;N/A-StillEmployed;Active;Production       ;Kissy Sullivan;20;Indeed;Exceeds;4.70;3;0;1/14/2019;0
Moran; Patrick;10223;0;0;1;3;5;3;3810;72106;0;20;Production Technician II;MA;2127;12/03/1976;M ;Single;US Citizen;No;Black or African American;01/09/2012;;N/A-StillEmployed;Active;Production       ;Kelley Spirea;18;Diversity Job Fair;Fully Meets;4.10;4;0;1/31/2019;0
Morway; Tanya;10151;1;1;0;1;3;3;3995;52599;0;15;Network Engineer;MA;2048;04/04/1979;F;Married;US Citizen;No;White;2/16/2015;;N/A-StillEmployed;Active;IT/IS;Peter Monroe;7;CareerBuilder;Fully Meets;3.81;3;6;02/11/2019;0
Motlagh;  Dawn;10254;0;2;0;1;5;3;8175;63430;0;19;Production Technician I;MA;2453;07/07/1984;F;Divorced;US Citizen;No;White;04/01/2013;;N/A-StillEmployed;Active;Production       ;Elijiah Gray;16;LinkedIn;Fully Meets;4.40;4;0;1/17/2019;0
Moumanil; Maliki ;10120;0;3;1;1;5;3;8752;74417;0;20;Production Technician II;MA;1460;12/01/1974;M ;Separated;US Citizen;No;Black or African American;5/13/2013;;N/A-StillEmployed;Active;Production       ;Michael Albert;22;LinkedIn;Fully Meets;4.29;5;0;1/28/2019;0
Myers; Michael;10216;0;0;1;1;5;3;7836;57575;0;19;Production Technician I;MA;1550;04/18/80;M ;Single;US Citizen;No;Asian;07/08/2013;;N/A-StillEmployed;Active;Production       ;Kissy Sullivan;20;LinkedIn;Fully Meets;4.10;4;0;1/22/2019;0
Navathe; Kurt;10079;0;0;1;1;3;3;3554;87921;0;22;Senior BI Developer;MA;2056;04/25/70;M ;Single;US Citizen;No;Asian;02/10/2017;;N/A-StillEmployed;Active;IT/IS;Brian Champaigne;13;Indeed;Fully Meets;5.00;3;6;2/25/2019;0
Ndzi; Colombui;10215;0;0;1;5;5;3;7941;50470;1;19;Production Technician I;MA;2110;05/02/1989;M ;Single;US Citizen;No;Black or African American;9/26/2011;04/04/2014;return to school;Voluntarily Terminated;Production       ;Webster Butler;39;Diversity Job Fair;Fully Meets;4.30;3;0;03/02/2013;0
Ndzi; Horia;10185;1;1;1;5;5;3;1522;46664;1;19;Production Technician I;MA;2421;03/28/83;M ;Married;US Citizen;No;White;04/01/2013;5/25/2016;more money;Voluntarily Terminated;Production       ;Amy Dunn;11;Employee Referral;Fully Meets;3.18;3;0;03/06/2016;0
Newman; Richard ;10063;1;1;1;3;5;3;5256;48495;0;19;Production Technician I;MA;2136;04/08/1977;M ;Married;US Citizen;No;White;05/12/2014;;N/A-StillEmployed;Active;Production       ;Ketsia Liebig;19;LinkedIn;Fully Meets;5.00;5;0;2/18/2019;0
Ngodup; Shari ;10037;0;3;0;1;5;4;2677;52984;0;19;Production Technician I;MA;1810;06/03/1967;F;Separated;US Citizen;No;Black or African American;04/01/2013;;N/A-StillEmployed;Active;Production       ;Brannon Miller;12;Diversity Job Fair;Exceeds;4.00;3;0;2/13/2019;0
Nguyen; Dheepa;10042;0;0;0;1;6;3;9580;63695;0;3;Area Sales Manager;GA;30428;03/31/89;F;Single;US Citizen;No;Two or more races;07/08/2013;;N/A-StillEmployed;Active;Sales;Lynn Daneault;21;Indeed;Fully Meets;5.00;5;0;1/25/2019;0
Nguyen; Lei-Ming;10206;0;0;0;1;5;3;7902;62061;0;19;Production Technician I;MA;2132;07/07/1984;F;Single;US Citizen;No;White;07/08/2013;;N/A-StillEmployed;Active;Production       ;David Stanley;14;LinkedIn;Fully Meets;3.60;5;0;01/02/2019;0
Nowlan; Kristie;10104;0;0;0;1;5;3;5942;66738;0;20;Production Technician II;MA;1040;11/23/85;F;Single;US Citizen;No;White;11/10/2014;;N/A-StillEmployed;Active;Production       ;Elijiah Gray;16;Indeed;Fully Meets;4.53;5;0;1/16/2019;0
O'hare; Lynn;10303;0;0;0;4;5;1;3557;52674;1;19;Production Technician I;MA;2152;09/30/80;F;Single;US Citizen;No;Two or more races;3/31/2014;05/01/2018;performance;Terminated for Cause;Production       ;Kissy Sullivan;20;LinkedIn;PIP;2.33;2;0;03/09/2018;6
Oliver; Brooke ;10078;1;1;0;5;5;3;5485;71966;1;20;Production Technician II;MA;2492;02/11/1952;F;Married;US Citizen;No;Asian;5/14/2012;8/19/2013;unhappy;Voluntarily Terminated;Production       ;Webster Butler;39;LinkedIn;Fully Meets;5.00;3;0;07/02/2013;0
Onque; Jasmine;10121;0;0;0;1;6;3;7327;63051;0;3;Area Sales Manager;FL;33174;05/11/1990;F;Single;US Citizen;Yes;White;9/30/2013;;N/A-StillEmployed;Active;Sales;Lynn Daneault;21;Indeed;Fully Meets;4.28;3;0;1/25/2019;0
Osturnka; Adeel;10021;1;1;1;1;5;4;2755;47414;0;19;Production Technician I;MA;2478;12/11/1976;M ;Married;US Citizen;No;White;9/30/2013;;N/A-StillEmployed;Active;Production       ;Kelley Spirea;18;LinkedIn;Exceeds;5.00;3;0;02/07/2019;0
Owad; Clinton;10281;0;0;1;1;5;2;9363;53060;0;19;Production Technician I;MA;1760;11/24/79;M ;Single;US Citizen;No;Black or African American;2/17/2014;;N/A-StillEmployed;Active;Production       ;Michael Albert;22;LinkedIn;Needs Improvement;4.25;3;0;02/04/2019;4
Ozark; Travis;10041;0;0;1;1;6;3;8558;68829;0;3;Area Sales Manager;NC;27229;05/19/82;M ;Single;US Citizen;No;White;01/05/2015;;N/A-StillEmployed;Active;Sales;John Smith;17;Website;Fully Meets;5.00;5;0;1/14/2019;0
Panjwani; Nina;10148;1;1;0;5;5;3;2482;63515;1;19;Production Technician I;MA;2351;05/01/1979;F;Married;US Citizen;No;White;02/07/2011;01/12/2014;Another position;Voluntarily Terminated;Production       ;Elijiah Gray;16;Google Search;Fully Meets;3.89;4;0;03/04/2013;0
Patronick; Lucas;10005;0;0;1;5;4;4;2171;108987;1;24;Software Engineer;MA;1844;02/20/79;M ;Single;US Citizen;No;Black or African American;11/07/2011;09/07/2015;Another position;Voluntarily Terminated;Software Engineering;Alex Sweetwater;10;Diversity Job Fair;Exceeds;5.00;5;3;8/16/2015;0
Pearson; Randall;10259;1;1;1;5;3;3;4656;93093;1;9;Data Analyst;MA;2747;09/05/1984;M ;Married;US Citizen;No;White;12/01/2014;05/01/2016;performance;Voluntarily Terminated;IT/IS;Simon Roup;4;Employee Referral;Fully Meets;4.70;4;5;1/16/2016;0
Smith; Martin;10286;0;0;1;5;5;2;6388;53564;1;19;Production Technician I;MA;2458;03/17/88;M ;Single;US Citizen;No;Black or African American;01/10/2011;12/28/2017;career change;Voluntarily Terminated;Production       ;Webster Butler;39;Google Search;Needs Improvement;3.54;5;0;04/06/2017;4
Pelletier; Ermine;10297;1;1;0;5;5;2;7496;60270;1;20;Production Technician II;MA;2472;07/18/89;F;Married;US Citizen;No;Asian;07/05/2011;9/15/2015;unhappy;Voluntarily Terminated;Production       ;Amy Dunn;11;CareerBuilder;Needs Improvement;2.40;5;0;02/06/2015;5
Perry; Shakira;10171;0;0;0;5;5;3;7375;45998;1;19;Production Technician I;MA;2176;07/20/86;F;Single;US Citizen;No;White;5/16/2011;10/25/2015;medical issues;Voluntarily Terminated;Production       ;Amy Dunn;11;LinkedIn;Fully Meets;3.45;4;0;5/13/2014;0
Peters; Lauren;10032;1;1;0;5;5;4;9677;57954;1;20;Production Technician II;MA;1886;08/17/86;F;Married;US Citizen;No;White;5/16/2011;02/04/2013;more money;Voluntarily Terminated;Production       ;Ketsia Liebig;19;Indeed;Exceeds;4.20;5;0;01/10/2013;0
Peterson; Ebonee  ;10130;1;1;0;5;5;3;4261;74669;1;18;Production Manager;MA;2030;05/09/1977;F;Married;US Citizen;No;White;10/25/2010;5/18/2016;Another position;Voluntarily Terminated;Production       ;Janet King;2;Indeed;Fully Meets;4.16;5;0;03/05/2015;0
Petingill; Shana  ;10217;1;1;0;1;5;3;8505;74226;0;20;Production Technician II;MA;2050;03/10/1979;F;Married;Eligible NonCitizen;No;Asian;04/02/2012;;N/A-StillEmployed;Active;Production       ;Brannon Miller;12;LinkedIn;Fully Meets;4.30;3;0;1/14/2019;0
Petrowsky; Thelma;10016;1;1;0;1;3;4;3432;93554;0;9;Data Analyst;MA;1886;09/16/84;F;Married;US Citizen;No;Black or African American;11/10/2014;;N/A-StillEmployed;Active;IT/IS;Simon Roup;4;Employee Referral;Exceeds;4.60;5;7;01/04/2019;0
Pham; Hong;10050;1;1;1;5;5;3;5899;64724;1;19;Production Technician I;MA;2451;03/06/1988;M ;Married;US Citizen;No;Asian;07/05/2011;11/30/2012;more money;Voluntarily Terminated;Production       ;Brannon Miller;12;Google Search;Fully Meets;5.00;3;0;2/20/2012;0
Pitt; Brad ;10164;0;0;1;1;5;3;1543;47001;0;19;Production Technician I;MA;2451;11/23/81;M ;Single;US Citizen;No;White;11/05/2007;;N/A-StillEmployed;Active;Production       ;David Stanley;14;Google Search;Fully Meets;3.66;3;0;2/25/2019;0
Potts; Xana;10124;1;1;0;1;6;3;8146;61844;0;3;Area Sales Manager;KY;40220;08/29/88;F;Married;US Citizen;No;Black or African American;01/09/2012;;N/A-StillEmployed;Active;Sales;Lynn Daneault;21;Website;Fully Meets;4.20;5;0;02/01/2019;0
Power; Morissa;10187;0;2;0;5;5;3;9335;46799;1;19;Production Technician I;MA;1742;10/15/84;F;Divorced;Eligible NonCitizen;No;Asian;5/16/2011;06/04/2018;Another position;Voluntarily Terminated;Production       ;Kissy Sullivan;20;Google Search;Fully Meets;3.17;4;0;04/02/2018;0
Punjabhi; Louis  ;10225;0;0;1;1;5;3;5502;59472;0;19;Production Technician I;MA;2109;06/19/61;M ;Single;US Citizen;No;White;01/06/2014;;N/A-StillEmployed;Active;Production       ;Kelley Spirea;18;Employee Referral;Fully Meets;4.80;3;0;01/07/2019;0
Purinton; Janine;10262;0;2;0;5;5;3;5110;46430;1;19;Production Technician I;MA;2474;09/22/70;F;Divorced;US Citizen;No;White;9/24/2012;6/18/2013;unhappy;Voluntarily Terminated;Production       ;Kissy Sullivan;20;Indeed;Fully Meets;4.50;5;0;04/02/2013;0
Quinn; Sean;10131;1;1;1;5;1;3;3116;83363;1;23;Software Engineer;MA;2045;11/06/1984;M ;Married;Eligible NonCitizen;No;Black or African American;2/21/2011;8/15/2015;career change;Voluntarily Terminated;Software Engineering;Janet King;2;Diversity Job Fair;Fully Meets;4.15;4;0;4/19/2014;0
Rachael; Maggie;10239;1;1;0;1;3;3;6271;95920;0;4;BI Developer;MA;2110;05/12/1980;F;Married;US Citizen;No;Black or African American;10/02/2016;;N/A-StillEmployed;Active;IT/IS;Brian Champaigne;13;Indeed;Fully Meets;4.40;4;6;02/06/2019;0
Rarrick; Quinn;10152;0;2;1;5;5;3;6709;61729;1;19;Production Technician I;MA;2478;12/31/84;M ;Divorced;US Citizen;No;White;9/26/2011;04/07/2018;more money;Voluntarily Terminated;Production       ;Michael Albert;22;Indeed;Fully Meets;3.80;5;0;02/04/2018;0
Ren; Kylo;10140;1;1;1;1;6;3;3622;61809;0;3;Area Sales Manager;ID;83706;10/12/1954;M ;Married;US Citizen;No;White;05/12/2014;;N/A-StillEmployed;Active;Sales;John Smith;17;CareerBuilder;Fully Meets;3.98;3;0;1/28/2019;0
Rhoads; Thomas;10058;0;2;1;5;5;3;6844;45115;1;19;Production Technician I;MA;2176;07/22/82;M ;Divorced;US Citizen;Yes;White;5/16/2011;1/15/2016;retiring;Voluntarily Terminated;Production       ;Elijiah Gray;16;LinkedIn;Fully Meets;5.00;4;0;3/30/2015;0
Rivera; Haley  ;10011;1;1;0;1;5;4;2119;46738;0;19;Production Technician I;MA;2171;01/12/1973;F;Married;US Citizen;No;Asian;11/28/2011;;N/A-StillEmployed;Active;Production       ;Webster Butler;;Google Search;Exceeds;4.36;5;0;02/11/2019;0
Roberson; May;10230;0;2;0;5;5;3;4224;64971;1;20;Production Technician II;MA;1902;09/05/1981;F;Divorced;Eligible NonCitizen;No;Black or African American;9/26/2011;10/22/2011;return to school;Voluntarily Terminated;Production       ;David Stanley;14;Google Search;Fully Meets;4.50;4;0;10/22/2011;0
Robertson; Peter;10224;1;1;1;5;5;3;3665;55578;1;20;Production Technician II;MA;2138;07/03/1972;M ;Married;US Citizen;No;White;07/05/2011;02/08/2012;Another position;Voluntarily Terminated;Production       ;Kissy Sullivan;20;Indeed;Fully Meets;4.20;5;0;01/06/2012;0
Robinson; Alain  ;10047;1;1;1;5;5;3;8638;50428;1;19;Production Technician I;MA;1420;01/07/1974;M ;Married;US Citizen;No;Black or African American;01/10/2011;1/26/2016;attendance;Voluntarily Terminated;Production       ;Amy Dunn;11;Indeed;Fully Meets;5.00;3;0;01/10/2015;0
Robinson; Cherly;10285;1;1;0;4;5;2;4083;61422;1;19;Production Technician I;MA;1460;01/07/1985;F;Married;US Citizen;No;White;01/10/2011;5/17/2016;attendance;Terminated for Cause;Production       ;Ketsia Liebig;19;Indeed;Needs Improvement;3.60;3;0;04/05/2016;4
Robinson; Elias;10020;0;4;1;1;5;4;4477;63353;0;19;Production Technician I;MA;1730;01/28/85;M ;Widowed;US Citizen;No;White;07/08/2013;;N/A-StillEmployed;Active;Production       ;Brannon Miller;12;Employee Referral;Exceeds;3.60;5;0;02/11/2019;0
Roby; Lori ;10162;1;1;0;1;3;3;8998;89883;0;9;Data Analyst;MA;1886;10/11/1981;F;Married;US Citizen;No;White;2/16/2015;;N/A-StillEmployed;Active;IT/IS;Simon Roup;4;Employee Referral;Fully Meets;3.69;5;6;2/14/2019;0
Roehrich; Bianca;10149;0;0;0;5;3;3;2124;120000;1;29;Principal Data Architect;MA;2703;05/27/73;F;Single;US Citizen;Yes;White;01/05/2015;11/10/2018;Another position;Voluntarily Terminated;IT/IS;Simon Roup;4;LinkedIn;Fully Meets;3.88;3;7;2/13/2018;0
Roper; Katie;10086;0;0;0;1;3;3;1521;150290;0;7;Data Architect;MA;2056;11/21/72;F;Single;US Citizen;No;Black or African American;01/07/2017;;N/A-StillEmployed;Active;IT/IS;Brian Champaigne;13;Indeed;Fully Meets;4.94;3;5;02/06/2019;0
Rose; Ashley  ;10054;0;3;0;1;5;3;4273;60627;0;19;Production Technician I;MA;1886;12/05/1974;F;Separated;US Citizen;No;White;01/06/2014;;N/A-StillEmployed;Active;Production       ;David Stanley;14;Website;Fully Meets;5.00;4;0;1/31/2019;0
Rossetti; Bruno;10065;0;0;1;5;5;3;6369;53180;1;19;Production Technician I;MA;2155;03/18/87;M ;Single;US Citizen;No;White;04/04/2011;8/13/2018;Another position;Voluntarily Terminated;Production       ;Kissy Sullivan;20;Google Search;Fully Meets;5.00;5;0;07/02/2018;0
Roup;Simon;10198;0;0;1;1;3;3;6663;140920;0;13;IT Manager - DB;MA;2481;04/05/1973;M ;Single;US Citizen;No;White;1/20/2013;;N/A-StillEmployed;Active;IT/IS;Jennifer Zamora;5;Indeed;Fully Meets;3.60;5;7;2/18/2019;0
Ruiz; Ricardo;10222;0;2;1;5;3;3;4243;148999;1;13;IT Manager - DB;MA;1915;01/04/1964;M ;Divorced;US Citizen;No;Black or African American;01/09/2012;11/04/2015;hours;Voluntarily Terminated;IT/IS;Jennifer Zamora;5;Diversity Job Fair;Fully Meets;4.30;4;6;01/04/2015;0
Saada; Adell;10126;1;1;0;1;4;3;4903;86214;0;24;Software Engineer;MA;2132;07/24/86;F;Married;US Citizen;No;White;11/05/2012;;N/A-StillEmployed;Active;Software Engineering;Alex Sweetwater;10;Indeed;Fully Meets;4.20;3;6;2/13/2019;0
Saar-Beckles; Melinda;10295;0;0;0;2;5;2;1930;47750;0;19;Production Technician I;MA;1801;06/06/1968;F;Single;US Citizen;No;Black or African American;07/04/2016;;N/A-StillEmployed;Active;Production       ;Kelley Spirea;18;Diversity Job Fair;Needs Improvement;2.60;4;0;2/18/2019;5
Sadki; Nore  ;10260;0;0;1;5;5;3;8181;46428;1;19;Production Technician I;MA;2148;12/21/74;M ;Single;US Citizen;No;White;01/05/2009;7/30/2018;relocation out of area;Voluntarily Terminated;Production       ;Michael Albert;22;Google Search;Fully Meets;4.60;5;0;02/05/2018;0
Sahoo; Adil;10233;1;1;1;1;5;3;9991;57975;0;20;Production Technician II;MA;2062;04/26/86;M ;Married;US Citizen;No;White;8/30/2010;;N/A-StillEmployed;Active;Production       ;Kelley Spirea;18;CareerBuilder;Fully Meets;4.10;3;0;01/10/2019;0
Salter; Jason;10229;0;2;1;5;3;3;8443;88527;1;9;Data Analyst ;MA;2452;12/17/87;M ;Divorced;US Citizen;No;Black or African American;01/05/2015;10/31/2015;hours;Voluntarily Terminated;IT/IS;Simon Roup;4;LinkedIn;Fully Meets;4.20;3;5;4/20/2015;0
Sander; Kamrin;10169;1;1;0;1;5;3;7096;56147;0;19;Production Technician I;MA;2154;07/10/1988;F;Married;US Citizen;No;Black or African American;9/29/2014;;N/A-StillEmployed;Active;Production       ;Elijiah Gray;16;LinkedIn;Fully Meets;3.51;3;0;2/18/2019;0
Sewkumar; Nori;10071;0;0;0;3;5;3;2749;50923;0;19;Production Technician I;MA;2191;03/10/1975;F;Single;US Citizen;No;Asian;9/30/2013;;N/A-StillEmployed;Active;Production       ;Webster Butler;;Google Search;Fully Meets;5.00;5;0;02/06/2019;0
Shepard; Anita ;10179;1;1;0;1;3;3;8319;50750;0;15;Network Engineer;MA;1773;04/14/81;F;Married;US Citizen;No;White;9/30/2014;;N/A-StillEmployed;Active;IT/IS;Peter Monroe;7;LinkedIn;Fully Meets;3.31;3;6;01/07/2019;0
Shields; Seffi;10091;1;1;0;1;5;3;4336;52087;0;19;Production Technician I;MA;2149;08/24/85;F;Married;US Citizen;No;White;8/19/2013;;N/A-StillEmployed;Active;Production       ;Amy Dunn;11;LinkedIn;Fully Meets;4.81;4;0;2/15/2019;0
Simard; Kramer;10178;1;1;1;1;3;3;8425;87826;0;9;Data Analyst;MA;2110;02/08/1970;M ;Married;US Citizen;Yes;White;01/05/2015;;N/A-StillEmployed;Active;IT/IS;Simon Roup;4;Employee Referral;Fully Meets;3.32;3;7;1/14/2019;0
Singh; Nan ;10039;0;0;0;1;1;3;8121;51920;0;2;Administrative Assistant;MA;2330;05/19/88;F;Single;US Citizen;No;White;05/01/2015;;N/A-StillEmployed;Active;Admin Offices;Brandon R. LeBlanc;1;Website;Fully Meets;5.00;3;5;1/15/2019;0
Sloan; Constance;10095;0;0;0;5;5;3;4703;63878;1;20;Production Technician II;MA;1851;11/25/87;F;Single;US Citizen;No;White;10/26/2009;04/08/2015;maternity leave - did not return;Voluntarily Terminated;Production       ;Michael Albert;22;CareerBuilder;Fully Meets;4.68;4;0;04/02/2015;0
Smith; Joe;10027;0;0;1;1;5;4;4320;60656;0;20;Production Technician II;MA;2045;10/30/63;M ;Single;US Citizen;No;White;9/29/2014;;N/A-StillEmployed;Active;Production       ;Elijiah Gray;16;Indeed;Exceeds;4.30;3;0;1/28/2019;0
Smith; John;10291;0;2;1;1;6;2;4843;72992;0;21;Sales Manager;MA;1886;08/16/84;M ;Divorced;US Citizen;No;Black or African American;5/18/2014;;N/A-StillEmployed;Active;Sales;Debra Houlihan;15;Diversity Job Fair;Needs Improvement;2.40;4;0;1/16/2019;2
Smith; Leigh Ann;10153;1;1;0;5;1;3;2951;55000;1;2;Administrative Assistant;MA;1844;06/14/87;F;Married;US Citizen;No;Black or African American;9/26/2011;9/25/2013;career change;Voluntarily Terminated;Admin Offices;Brandon R. LeBlanc;1;Diversity Job Fair;Fully Meets;3.80;4;4;8/15/2013;0
Smith; Sade;10157;0;0;0;1;5;3;6363;58939;0;19;Production Technician I;MA;2130;02/02/1965;F;Single;US Citizen;No;White;11/11/2013;;N/A-StillEmployed;Active;Production       ;Ketsia Liebig;19;Employee Referral;Fully Meets;3.73;3;0;1/24/2019;0
Soto; Julia ;10119;1;1;0;1;3;3;4945;66593;0;14;IT Support;MA;2360;03/12/1973;F;Married;US Citizen;No;Black or African American;06/10/2011;;N/A-StillEmployed;Active;IT/IS;Eric Dougall;6;LinkedIn;Fully Meets;4.30;3;5;02/08/2019;0
Soze; Keyser;10180;1;1;1;2;3;3;9266;87565;0;28;Sr. Network Engineer;MA;1545;02/09/1983;M ;Married;US Citizen;No;Asian;6/30/2016;;N/A-StillEmployed;Active;IT/IS;Peter Monroe;7;LinkedIn;Fully Meets;3.27;4;5;1/14/2019;0
Sparks; Taylor  ;10302;1;1;0;1;5;1;3847;64021;0;19;Production Technician I;MA;2093;07/20/68;F;Married;US Citizen;No;White;2/20/2012;;N/A-StillEmployed;Active;Production       ;Brannon Miller;12;Indeed;PIP;2.40;2;1;2/25/2019;6
Spirea; Kelley;10090;1;1;0;1;5;3;8795;65714;0;18;Production Manager;MA;2451;09/30/75;F;Married;US Citizen;No;White;10/02/2012;;N/A-StillEmployed;Active;Production       ;Janet King;2;LinkedIn;Fully Meets;4.83;5;0;2/14/2019;0
Squatrito; Kristen;10030;0;2;0;5;5;4;6322;62425;1;19;Production Technician I;MA;2359;03/26/73;F;Divorced;US Citizen;No;White;5/13/2013;6/29/2015;unhappy;Voluntarily Terminated;Production       ;David Stanley;14;LinkedIn;Exceeds;4.10;4;0;03/02/2015;0
Stanford;Barbara  M;10278;0;2;0;1;5;3;8310;47961;0;19;Production Technician I;MA;2050;08/25/82;F;Divorced;US Citizen;No;Two or more races;01/10/2011;;N/A-StillEmployed;Active;Production       ;Kissy Sullivan;20;Google Search;Fully Meets;4.10;4;0;02/07/2019;0
Stansfield; Norman;10307;1;1;1;1;6;1;1740;58273;0;3;Area Sales Manager;NV;89139;05/09/1974;M ;Married;US Citizen;No;White;05/12/2014;;N/A-StillEmployed;Active;Sales;Lynn Daneault;21;Website;PIP;1.81;2;0;1/17/2019;3
Steans; Tyrone  ;10147;0;0;1;1;1;3;9333;63003;0;1;Accountant I;MA;2703;09/01/1986;M ;Single;US Citizen;No;White;9/29/2014;;N/A-StillEmployed;Active;Admin Offices;Brandon R. LeBlanc;1;Indeed;Fully Meets;3.90;5;5;1/18/2019;0
Stoica; Rick;10266;1;1;1;1;5;3;2377;61355;0;19;Production Technician I;MA;2301;03/14/85;M ;Married;US Citizen;No;Asian;2/17/2014;;N/A-StillEmployed;Active;Production       ;Kelley Spirea;18;LinkedIn;Fully Meets;4.70;3;0;01/11/2019;0
Strong; Caitrin;10241;1;1;0;1;6;3;5040;60120;0;3;Area Sales Manager;MT;59102;05/12/1989;F;Married;US Citizen;No;Black or African American;9/27/2010;;N/A-StillEmployed;Active;Sales;John Smith;17;Indeed;Fully Meets;4.10;4;0;1/31/2019;0
Sullivan; Kissy ;10158;1;1;0;1;5;3;8364;63682;0;18;Production Manager;MA;1776;03/28/78;F;Married;US Citizen;No;Black or African American;01/08/2009;;N/A-StillEmployed;Active;Production       ;Janet King;2;Indeed;Fully Meets;3.73;4;0;1/24/2019;0
Sullivan; Timothy;10117;1;1;1;1;5;3;9794;63025;0;19;Production Technician I;MA;2747;10/07/1982;M ;Married;US Citizen;Yes;White;01/05/2015;;N/A-StillEmployed;Active;Production       ;Michael Albert;22;Google Search;Fully Meets;4.36;5;0;1/24/2019;0
Sutwell; Barbara;10209;0;0;0;1;5;3;7571;59238;0;19;Production Technician I;MA;2718;08/15/68;F;Single;Eligible NonCitizen;No;Asian;5/14/2012;;N/A-StillEmployed;Active;Production       ;Elijiah Gray;16;Indeed;Fully Meets;3.40;5;0;1/31/2019;0
Szabo; Andrew;10024;0;0;1;1;4;4;7180;92989;0;24;Software Engineer;MA;2140;05/06/1983;M ;Single;US Citizen;No;White;07/07/2014;;N/A-StillEmployed;Active;Software Engineering;Alex Sweetwater;10;LinkedIn;Exceeds;4.50;5;5;2/18/2019;0
Tannen; Biff;10173;1;1;1;1;3;3;7834;90100;0;4;BI Developer;MA;2134;10/24/87;M ;Married;US Citizen;No;White;4/20/2017;;N/A-StillEmployed;Active;IT/IS;Brian Champaigne;13;Indeed;Fully Meets;3.40;3;6;01/02/2019;0
Tavares; Desiree  ;10221;1;1;0;5;5;3;5428;60754;1;19;Production Technician I;MA;1801;04/03/1975;F;Married;Non-Citizen;No;Black or African American;4/27/2009;04/01/2013;Another position;Voluntarily Terminated;Production       ;Webster Butler;39;Diversity Job Fair;Fully Meets;4.50;5;0;2/15/2012;0
Tejeda; Lenora ;10146;1;1;0;5;5;3;7157;72202;1;20;Production Technician II;MA;2129;05/24/53;F;Married;US Citizen;No;White;5/16/2011;07/08/2017;Another position;Voluntarily Terminated;Production       ;Elijiah Gray;16;Google Search;Fully Meets;3.93;3;0;4/18/2017;0
Terry; Sharlene ;10161;0;0;0;1;6;3;5425;58370;0;3;Area Sales Manager;OR;97756;05/07/1965;F;Single;US Citizen;No;Black or African American;9/29/2014;;N/A-StillEmployed;Active;Sales;Lynn Daneault;21;Indeed;Fully Meets;3.69;3;0;1/28/2019;0
Theamstern; Sophia;10141;0;0;0;5;5;3;8506;48413;1;19;Production Technician I;MA;2066;05/09/1965;F;Single;US Citizen;No;White;07/05/2011;09/05/2016;return to school;Voluntarily Terminated;Production       ;Amy Dunn;11;Indeed;Fully Meets;3.98;4;0;03/02/2016;0
Thibaud; Kenneth;10268;0;4;1;5;5;3;8632;67176;1;20;Production Technician II;MA;2472;09/16/75;M ;Widowed;US Citizen;No;White;6/25/2007;8/30/2010;military;Voluntarily Terminated;Production       ;Webster Butler;39;Other;Fully Meets;4.10;4;0;7/14/2010;0
Tippett; Jeanette;10123;0;2;0;1;5;3;6848;56339;0;19;Production Technician I;MA;2093;06/05/1967;F;Divorced;US Citizen;No;Black or African American;2/18/2013;;N/A-StillEmployed;Active;Production       ;Brannon Miller;12;Indeed;Fully Meets;4.21;5;0;1/14/2019;0
Torrence; Jack;10013;0;3;1;1;6;4;8285;64397;0;3;Area Sales Manager;ND;58782;01/15/68;M ;Separated;US Citizen;No;White;01/09/2006;;N/A-StillEmployed;Active;Sales;Lynn Daneault;21;Indeed;Exceeds;4.10;3;0;01/04/2019;0
Trang; Mei;10287;0;0;0;1;5;2;8919;63025;0;19;Production Technician I;MA;2021;05/16/83;F;Single;US Citizen;No;White;2/17/2014;;N/A-StillEmployed;Active;Production       ;David Stanley;14;LinkedIn;Needs Improvement;2.44;5;0;02/11/2019;4
Tredinnick; Neville ;10044;1;1;1;5;3;3;4298;75281;1;15;Network Engineer;MA;1420;05/05/1988;M ;Married;US Citizen;No;White;01/05/2015;02/12/2016;medical issues;Voluntarily Terminated;IT/IS;Peter Monroe;7;CareerBuilder;Fully Meets;5.00;3;5;4/15/2015;0
True; Edward;10102;0;0;1;5;4;3;6374;100416;1;24;Software Engineer;MA;2451;06/14/83;M ;Single;Non-Citizen;No;Black or African American;2/18/2013;4/15/2018;medical issues;Voluntarily Terminated;Software Engineering;Alex Sweetwater;10;Diversity Job Fair;Fully Meets;4.60;3;4;02/12/2017;0
Trzeciak; Cybil;10270;0;0;0;5;5;3;3762;74813;1;20;Production Technician II;MA;1778;03/15/85;F;Single;US Citizen;No;White;01/10/2011;07/02/2014;unhappy;Voluntarily Terminated;Production       ;Amy Dunn;11;LinkedIn;Fully Meets;4.40;3;0;01/05/2014;0
Turpin; Jumil;10045;1;1;1;1;3;3;9770;76029;0;15;Network Engineer;MA;2343;03/31/69;M ;Married;Eligible NonCitizen;No;White;3/30/2015;;N/A-StillEmployed;Active;IT/IS;Peter Monroe;7;Employee Referral;Fully Meets;5.00;4;7;1/14/2019;0
Valentin;Jackie;10205;1;1;0;1;6;3;5100;57859;0;3;Area Sales Manager;AZ;85006;05/23/91;F;Married;US Citizen;No;Two or more races;07/05/2011;;N/A-StillEmployed;Active;Sales;John Smith;17;Indeed;Fully Meets;2.81;3;0;1/17/2019;0
Veera; Abdellah ;10014;0;2;1;5;5;4;3649;58523;1;19;Production Technician I;MA;2171;01/31/87;M ;Divorced;US Citizen;No;White;8/13/2012;02/05/2016;maternity leave - did not return;Voluntarily Terminated;Production       ;Kissy Sullivan;20;LinkedIn;Exceeds;4.50;5;0;02/01/2016;0
Vega; Vincent;10144;0;2;1;1;5;3;6209;88976;0;17;Production Manager;MA;2169;10/10/1968;M ;Divorced;US Citizen;No;White;08/01/2011;;N/A-StillEmployed;Active;Production       ;Janet King;2;Employee Referral;Fully Meets;3.93;3;0;2/27/2019;0
Villanueva; Noah;10253;0;0;1;1;6;3;5321;55875;0;3;Area Sales Manager;ME;4063;07/11/1989;M ;Single;US Citizen;No;Asian;03/05/2012;;N/A-StillEmployed;Active;Sales;John Smith;17;Website;Fully Meets;4.50;4;0;1/18/2019;0
Voldemort; Lord;10118;1;1;1;4;3;3;4552;113999;1;8;Database Administrator;MA;1960;08/07/1986;M ;Married;US Citizen;No;Black or African American;2/16/2015;2/22/2017;no-call, no-show;Terminated for Cause;IT/IS;Simon Roup;4;Employee Referral;Fully Meets;4.33;3;7;2/15/2017;0
Volk; Colleen;10022;1;1;0;4;5;4;8810;49773;1;19;Production Technician I;MA;2747;06/03/1986;F;Married;US Citizen;No;White;9/26/2011;02/08/2016;gross misconduct;Terminated for Cause;Production       ;Kelley Spirea;18;Google Search;Exceeds;4.30;5;0;02/01/2015;0
Von Massenbach; Anna;10183;0;0;0;2;5;3;2934;62068;0;19;Production Technician I;MA;2124;04/06/1985;F;Single;US Citizen;No;White;07/05/2015;;N/A-StillEmployed;Active;Production       ;Michael Albert;22;LinkedIn;Fully Meets;3.21;3;0;1/29/2019;0
Walker; Roger;10190;0;0;1;1;5;3;7911;66541;0;20;Production Technician II;MA;2459;02/10/1976;M ;Single;US Citizen;No;Black or African American;8/18/2014;;N/A-StillEmployed;Active;Production       ;Ketsia Liebig;19;Employee Referral;Fully Meets;3.11;5;0;02/12/2019;0
Wallace; Courtney  E;10274;1;1;0;5;5;3;8169;80512;1;18;Production Manager;MA;2478;11/14/55;F;Married;US Citizen;No;Black or African American;9/26/2011;01/02/2012;Another position;Voluntarily Terminated;Production       ;Janet King;2;Diversity Job Fair;Fully Meets;4.50;3;0;01/02/2012;0
Wallace; Theresa;10293;0;0;0;5;5;2;6753;50274;1;19;Production Technician I;MA;1887;08/02/1980;F;Single;US Citizen;No;White;8/13/2012;09/01/2015;career change;Voluntarily Terminated;Production       ;Elijiah Gray;16;CareerBuilder;Needs Improvement;2.50;3;0;09/05/2014;6
Wang; Charlie;10172;0;0;1;1;3;3;4226;84903;0;22;Senior BI Developer;MA;1887;07/08/1981;M ;Single;US Citizen;No;Asian;2/15/2017;;N/A-StillEmployed;Active;IT/IS;Brian Champaigne;13;Indeed;Fully Meets;3.42;4;7;01/04/2019;0
Warfield; Sarah;10127;0;4;0;1;3;3;5188;107226;0;28;Sr. Network Engineer;MA;2453;05/02/1978;F;Widowed;US Citizen;No;Asian;3/30/2015;;N/A-StillEmployed;Active;IT/IS;Peter Monroe;7;Employee Referral;Fully Meets;4.20;4;8;02/05/2019;0
Whittier; Scott;10072;0;0;1;5;5;3;8984;58371;1;19;Production Technician I;MA;2030;05/24/87;M ;Single;US Citizen;Yes;White;01/10/2011;5/15/2014;hours;Voluntarily Terminated;Production       ;Webster Butler;39;LinkedIn;Fully Meets;5.00;5;0;5/15/2014;0
Wilber; Barry;10048;1;1;1;5;5;3;4172;55140;1;19;Production Technician I;MA;2324;09/09/1965;M ;Married;Eligible NonCitizen;No;White;5/16/2011;09/07/2015;unhappy;Voluntarily Terminated;Production       ;Amy Dunn;11;Website;Fully Meets;5.00;3;0;2/15/2015;0
Wilkes; Annie;10204;0;2;0;5;5;3;5739;58062;1;19;Production Technician I;MA;1876;07/30/83;F;Divorced;US Citizen;No;White;01/10/2011;5/14/2012;Another position;Voluntarily Terminated;Production       ;Ketsia Liebig;19;Google Search;Fully Meets;3.60;5;0;02/06/2011;0
Williams; Jacquelyn  ;10264;0;0;0;5;5;3;2903;59728;1;19;Production Technician I;MA;2109;10/02/1969;F;Single;US Citizen;Yes;Black or African American;01/09/2012;6/27/2015;relocation out of area;Voluntarily Terminated;Production       ;Ketsia Liebig;19;Diversity Job Fair;Fully Meets;4.30;4;0;06/02/2014;0
Winthrop; Jordan  ;10033;0;0;1;5;5;4;2116;70507;1;20;Production Technician II;MA;2045;11/07/1958;M ;Single;US Citizen;No;White;01/07/2013;2/21/2016;retiring;Voluntarily Terminated;Production       ;Brannon Miller;12;LinkedIn;Exceeds;5.00;3;0;1/19/2016;0
Wolk; Hang  T;10174;0;0;0;1;5;3;6461;60446;0;20;Production Technician II;MA;2302;04/20/85;F;Single;US Citizen;No;White;9/29/2014;;N/A-StillEmployed;Active;Production       ;David Stanley;14;LinkedIn;Fully Meets;3.40;4;0;2/21/2019;0
Woodson; Jason;10135;0;0;1;1;5;3;8167;65893;0;20;Production Technician II;MA;1810;05/11/1985;M ;Single;US Citizen;No;White;07/07/2014;;N/A-StillEmployed;Active;Production       ;Kissy Sullivan;20;LinkedIn;Fully Meets;4.07;4;0;2/28/2019;0
Ybarra; Catherine ;10301;0;0;0;5;5;1;2949;48513;1;19;Production Technician I;MA;2458;05/04/1982;F;Single;US Citizen;No;Asian;09/02/2008;9/29/2015;Another position;Voluntarily Terminated;Production       ;Brannon Miller;12;Google Search;PIP;3.20;2;0;09/02/2015;5
Zamora; Jennifer;10010;0;0;0;1;3;4;8494;220450;0;6;CIO;MA;2067;08/30/79;F;Single;US Citizen;No;White;04/10/2010;;N/A-StillEmployed;Active;IT/IS;Janet King;2;Employee Referral;Exceeds;4.60;5;6;2/21/2019;0
Zhou; Julia;10043;0;0;0;1;3;3;1812;89292;0;9;Data Analyst;MA;2148;02/24/79;F;Single;US Citizen;No;White;3/30/2015;;N/A-StillEmployed;Active;IT/IS;Simon Roup;4;Employee Referral;Fully Meets;5.00;3;5;02/01/2019;0
Zima; Colleen;10271;0;4;0;1;5;3;4149;45046;0;19;Production Technician I;MA;1730;08/17/78;F;Widowed;US Citizen;No;Asian;9/29/2014;;N/A-StillEmployed;Active;Production       ;David Stanley;14;LinkedIn;Fully Meets;4.50;5;0;1/30/2019;0
